,KODE,PT,KOTA,FASWIL,KEBIJAKAN,,,STANDAR_INSTITUSI,,,STDL,AMI,,,EVALUASI_LAIN,,,JML. EV. LAIN,PENGENDALIAN,,,PENINGKATAN,,,BOBOT VLD,Ket. Validasi,BOBOT VER,Ket. Verifikasi,BOBOT UNG,Ket. Unggah,Klaster,COUNT,
,,,,,,,,,,,,,,,,,,,,,,,,,,,,,,,,,
,,,,,6,,,10,,,,3,,,,,,,10,,,6,,,35,,35,,35,,,,
,,,,,UNG,VER,VLD,UNG,VER,VLD,VLD,UNG,VER,VLD,UNG,VER,VLD,VLD,UNG,VER,VLD,UNG,VER,VLD,% (VLD),,% (VER),,% (UNG),,,,
1,44228,Akademi Kebidanan Bandung,Kabupaten Bogor,Emma Hermawati Muhari,6,6,6,10,10,10,5,3,3,3,4,4,4,0,10,10,10,6,6,6,100%,Sudah Tervalidasi,100%,Sudah Terverifikasi,100%,Sudah Unggah,Hijau,Hijau,86
2,44093,Akademi Pariwisata Nasional Indonesia Bandung,Kota Bandung,Yusep Ikrawan,6,6,6,10,10,10,6,3,3,3,3,3,3,0,6,6,6,6,6,6,89%,Belum Tervalidasi,89%,Belum Terverifikasi,89%,Tidak Lengkap,Hijau,Kuning,129
3,42002,Institut Teknologi Nasional Bandung,Kota Bandung,Emma Hermawati Muhari,6,6,6,10,10,10,1,3,3,3,2,2,2,0,10,10,10,6,6,6,89%,Belum Tervalidasi,100%,Sudah Terverifikasi,100%,Sudah Unggah,Hijau,Merah,224
4,42027,Institut Teknologi Petroleum Balongan,Kabupaten Indramayu,Dewi Kurniasih,6,6,6,10,10,10,5,3,3,3,4,4,4,1,3,3,3,6,6,6,100%,Sudah Tervalidasi,80%,Belum Terverifikasi,80%,Tidak Lengkap,Hijau,Total,439
5,42005,Institut Teknologi Sains Bandung,Kabupaten Bekasi,Dewi Kurniasih,6,6,6,10,10,10,7,3,0,0,4,4,4,0,7,7,7,6,6,6,83%,Belum Tervalidasi,83%,Belum Terverifikasi,91%,Tidak Lengkap,Hijau,Kluster,%
6,45052,Politeknik Lembaga Pendidikan dan Pengembangan Profesi Indonesia,Kota Bandung,Dewi Kurniasih,6,6,6,10,10,10,0,3,3,3,4,0,0,1,10,10,10,6,6,6,100%,Sudah Tervalidasi,100%,Sudah Terverifikasi,100%,Sudah Unggah,Hijau,Hijau,> 80%
7,45027,Politeknik Piksi Ganesha,Kota Bandung,Lisye Fitria,6,6,6,10,10,10,16,3,3,3,4,4,4,6,8,8,8,6,6,6,94%,Belum Tervalidasi,94%,Belum Terverifikasi,94%,Tidak Lengkap,Hijau,Kuning,>= 50% s.d. 80%
8,43191,Sekolah Tinggi Farmasi Indonesia,Kota Bandung,Nanah Sujanah,6,6,6,10,10,10,7,3,3,3,1,0,0,0,8,8,8,6,6,6,94%,Belum Tervalidasi,94%,Belum Terverifikasi,94%,Tidak Lengkap,Hijau,Merah,< 50%
9,43022,Sekolah Tinggi Ilmu Ekonomi Ekuitas,Kota Bandung,Lisye Fitria,6,6,6,10,10,10,6,3,3,3,4,2,2,0,10,10,10,6,6,6,100%,Sudah Tervalidasi,100%,Sudah Terverifikasi,100%,Sudah Unggah,Hijau,Pendataan Berdasarkan FASWIL,
10,43128,Sekolah Tinggi Ilmu Ekonomi Gema Widya Bangsa,Kabupaten Bandung,Meita Lukitawati Sujatna,6,6,6,10,10,10,0,3,3,3,1,0,0,1,10,10,10,6,6,6,100%,Sudah Tervalidasi,100%,Sudah Terverifikasi,100%,Sudah Unggah,Hijau,Emma Hermawati Muhari,49
11,43089,Sekolah Tinggi Ilmu Ekonomi Mulia Pratama,Kota Bekasi,Nan Rahminawati,6,6,6,10,10,10,0,3,3,3,3,3,3,6,10,10,10,6,1,1,86%,Belum Tervalidasi,86%,Belum Terverifikasi,100%,Sudah Unggah,Hijau,Dewi Kurniasih,48
12,43074,Sekolah Tinggi Ilmu Ekonomi Yasa Anggana,Kabupaten Garut,Yusep Ikrawan,6,6,6,10,10,10,5,3,3,3,4,0,0,0,9,9,9,6,6,6,97%,Belum Tervalidasi,97%,Belum Terverifikasi,97%,Tidak Lengkap,Hijau,Nan Rahminawati,49
13,43231,Sekolah Tinggi Ilmu Kesehatan Banten,Kota Tangerang Selatan,Supriyadi Sadikin,6,6,6,10,10,10,3,3,3,3,1,1,1,0,9,9,7,6,6,6,91%,Belum Tervalidasi,97%,Belum Terverifikasi,97%,Tidak Lengkap,Hijau,Supriyadi Sadikin,48
14,43284,Sekolah Tinggi Ilmu Kesehatan Budhi Luhur Cimahi,Kota Cimahi,Nanah Sujanah,6,6,6,10,10,10,8,3,3,3,4,0,0,0,9,9,9,6,6,6,97%,Belum Tervalidasi,97%,Belum Terverifikasi,97%,Tidak Lengkap,Hijau,Lisye Fitria,49
15,43220,Sekolah Tinggi Ilmu Kesehatan Respati,Kabupaten Tasikmalaya,Meita Lukitawati Sujatna,6,6,5,10,10,10,1,3,3,3,1,1,1,0,8,8,8,6,6,6,91%,Belum Tervalidasi,94%,Belum Terverifikasi,94%,Tidak Lengkap,Hijau,Yusep Ikrawan,49
16,43386,Sekolah Tinggi Ilmu Kesehatan RS Dustira,Kota Cimahi,Dewi Kurniasih,6,6,6,10,10,10,19,3,3,3,1,0,0,0,9,9,9,6,6,6,97%,Belum Tervalidasi,97%,Belum Terverifikasi,97%,Tidak Lengkap,Hijau,Nandi Widarman S,49
17,43207,Sekolah Tinggi Ilmu Manajemen Budi Bakti,Kabupaten Bogor,Nan Rahminawati,6,6,6,10,10,10,2,3,3,3,2,2,2,0,10,10,10,6,6,6,100%,Sudah Tervalidasi,100%,Sudah Terverifikasi,100%,Sudah Unggah,Hijau,Meita Lukitawati Sujatna,49
18,43059,Sekolah Tinggi Teknologi Bandung,#N/A,Nanah Sujanah,6,6,6,10,10,10,10,3,3,3,1,1,1,1,6,6,6,6,6,6,89%,Belum Tervalidasi,89%,Belum Terverifikasi,89%,Tidak Lengkap,Hijau,Nanah Sujanah,49
19,43290,Sekolah Tinggi Teknologi Duta Bangsa,Kota Bekasi,Dewi Kurniasih,6,6,6,10,10,10,1,3,3,3,4,4,4,0,8,8,8,6,6,6,94%,Belum Tervalidasi,94%,Belum Terverifikasi,94%,Tidak Lengkap,Hijau,Total,439
20,43218,Sekolah Tinggi Teknologi Fatahillah Cilegon,Kabupaten Serang,Meita Lukitawati Sujatna,6,6,6,10,10,10,3,3,3,3,2,2,2,0,5,5,5,6,6,6,86%,Belum Tervalidasi,86%,Belum Terverifikasi,86%,Tidak Lengkap,Hijau,Pendataan Berdasarkan PT,
21,43234,Sekolah Tinggi Teknologi Ilmu Komputer (STTIKOM) Insan Unggul,Kota Cilegon,Nan Rahminawati,6,6,6,10,10,10,0,3,3,3,4,3,3,0,10,10,10,6,6,6,100%,Sudah Tervalidasi,100%,Sudah Terverifikasi,100%,Sudah Unggah,Hijau,Verifikasi,Jml.
22,43132,Sekolah Tinggi Teknologi Industri dan Farmasi Bogor,Kota Bogor,Dewi Kurniasih,6,6,6,10,10,10,1,3,3,3,4,2,2,1,10,10,8,6,6,4,89%,Belum Tervalidasi,100%,Sudah Terverifikasi,100%,Sudah Unggah,Hijau,> 80%,98
23,43040,Sekolah Tinggi Teknologi Mandala,Kota Bandung,Yusep Ikrawan,6,6,6,10,10,10,7,3,3,3,4,4,4,0,5,5,5,6,6,6,86%,Belum Tervalidasi,86%,Belum Terverifikasi,86%,Tidak Lengkap,Hijau,,141
24,43167,Sekolah Tinggi Teknologi Wastukancana,Kabupaten Purwakarta,Yusep Ikrawan,6,6,6,9,9,9,1,3,3,3,2,2,2,0,8,8,8,6,6,6,91%,Belum Tervalidasi,91%,Belum Terverifikasi,91%,Tidak Lengkap,Hijau,,200
25,43306,STIE Pasim Sukabumi,Kota Sukabumi,Meita Lukitawati Sujatna,6,6,6,10,10,10,27,3,3,3,3,3,3,5,9,9,9,6,6,6,97%,Belum Tervalidasi,97%,Belum Terverifikasi,97%,Tidak Lengkap,Hijau,,439
26,43356,STIKES Muhammadiyah Cirebon,Kota Cirebon,Emma Hermawati Muhari,6,6,6,10,10,10,2,3,3,3,4,4,4,0,10,10,10,6,6,5,97%,Belum Tervalidasi,100%,Sudah Terverifikasi,100%,Sudah Unggah,Hijau,Unggah,Jml.
27,43348,STIKES Prima Indonesia,Kabupaten Bekasi,Dewi Kurniasih,6,6,6,9,9,9,1,3,0,0,4,0,0,1,10,10,10,6,6,6,89%,Belum Tervalidasi,89%,Belum Terverifikasi,97%,Tidak Lengkap,Hijau,> 80%,145
28,43027,STMIK Mardira Indonesia,Kota Bandung,Nandi Widarman S,6,6,6,10,10,10,3,3,3,3,4,4,4,0,10,10,10,6,6,6,100%,Sudah Tervalidasi,100%,Sudah Terverifikasi,100%,Sudah Unggah,Hijau,>= 50% s.d. 80%,157
29,43104,STMIK Tulus Cendekia,Kabupaten Bandung Barat,Nandi Widarman S,6,6,6,10,10,10,0,3,3,3,0,0,0,0,10,10,10,6,6,6,100%,Sudah Tervalidasi,100%,Sudah Terverifikasi,100%,Sudah Unggah,Hijau,< 50%,137
30,41087,Universitas Aisyiyah Bandung,Kota Bandung,Meita Lukitawati Sujatna,6,6,6,10,10,10,4,3,3,3,4,4,4,0,6,6,6,6,6,6,89%,Belum Tervalidasi,89%,Belum Terverifikasi,89%,Tidak Lengkap,Hijau,,439
31,41068,Universitas Bhakti Kencana,Kota Bandung,Supriyadi Sadikin,6,6,6,10,10,10,0,3,3,3,4,4,4,0,8,8,8,6,6,6,94%,Belum Tervalidasi,94%,Belum Terverifikasi,94%,Tidak Lengkap,Hijau,VALIDASI,Jml.
32,41074,Universitas Bina Insani,Kota Bekasi,Nan Rahminawati,6,6,6,10,10,10,3,3,3,3,4,4,4,2,7,7,7,6,6,6,91%,Belum Tervalidasi,91%,Belum Terverifikasi,91%,Tidak Lengkap,Hijau,> 80%,86
33,41019,Universitas Djuanda,Kabupaten Bogor,Yusep Ikrawan,6,6,6,10,10,10,2,3,3,3,3,3,3,2,10,10,10,6,6,6,100%,Sudah Tervalidasi,100%,Sudah Terverifikasi,100%,Sudah Unggah,Hijau,>= 50% s.d. 80%,129
34,41023,Universitas Galuh,Kabupaten Ciamis,Supriyadi Sadikin,6,6,6,10,10,10,11,3,3,3,3,3,3,0,10,10,9,6,6,6,97%,Belum Tervalidasi,100%,Sudah Terverifikasi,100%,Sudah Unggah,Hijau,< 50%,224
35,41066,Universitas Halim sanusi,Kota Bandung,Yusep Ikrawan,6,6,6,10,10,10,2,3,3,3,4,4,4,0,5,5,5,6,6,6,86%,Belum Tervalidasi,86%,Belum Terverifikasi,86%,Tidak Lengkap,Hijau,,439
36,41084,Universitas Insan Cendekia Mandiri,Kota Bandung,Supriyadi Sadikin,6,6,6,8,8,8,5,3,3,3,3,2,2,0,10,10,10,6,6,6,94%,Belum Tervalidasi,94%,Belum Terverifikasi,94%,Tidak Lengkap,Hijau,,
37,41106,Universitas Internasional Jakarta,Kabupaten Bekasi,Meita Lukitawati Sujatna,6,6,6,10,10,10,7,3,3,3,0,0,0,0,10,10,10,6,6,6,100%,Sudah Tervalidasi,100%,Sudah Terverifikasi,100%,Sudah Unggah,Hijau,PPEPP,Bobot Max.
38,41002,Universitas Islam Bandung,Kota Bandung,Nanah Sujanah,6,6,6,10,10,10,1,3,0,0,2,2,2,1,9,9,9,6,6,6,89%,Belum Tervalidasi,89%,Belum Terverifikasi,97%,Tidak Lengkap,Hijau,Kebijakan,6
39,41006,Universitas Katolik Parahyangan,Kota Bandung,Yusep Ikrawan,6,6,6,10,10,10,6,3,3,3,3,2,2,0,10,10,10,6,6,6,100%,Sudah Tervalidasi,100%,Sudah Terverifikasi,100%,Sudah Unggah,Hijau,Standar Institusi,10
40,41102,Universitas Koperasi Indonesia,Kabupaten Sumedang,Supriyadi Sadikin,6,6,5,10,10,10,2,3,3,3,3,1,1,1,10,10,10,6,6,3,89%,Belum Tervalidasi,100%,Sudah Terverifikasi,100%,Sudah Unggah,Hijau,AMI,3
41,41007,Universitas Kristen Maranatha,Kota Bandung,Meita Lukitawati Sujatna,6,6,6,10,10,10,4,3,0,0,4,0,0,1,10,10,10,6,6,6,91%,Belum Tervalidasi,91%,Belum Terverifikasi,100%,Sudah Unggah,Hijau,Pengendalian,10
42,41038,Universitas Kuningan,Kabupaten Kuningan,Nanah Sujanah,6,6,6,10,10,10,6,3,3,2,4,4,4,0,10,10,10,6,6,6,97%,Belum Tervalidasi,100%,Sudah Terverifikasi,100%,Sudah Unggah,Hijau,Peningkatan,6
43,41043,Universitas Majalengka,Kabupaten Majalengka,Supriyadi Sadikin,6,6,6,10,10,10,6,3,3,3,1,1,1,0,10,10,10,6,6,6,100%,Sudah Tervalidasi,100%,Sudah Terverifikasi,100%,Sudah Unggah,Hijau,,35
44,41064,Universitas Muhammadiyah Bandung,Kota Bandung,Dewi Kurniasih,6,6,6,10,10,10,1,3,3,3,2,1,1,0,8,8,8,6,6,6,94%,Belum Tervalidasi,94%,Belum Terverifikasi,94%,Tidak Lengkap,Hijau,,
45,41029,Universitas Muhammadiyah Cirebon,Kota Cirebon,Supriyadi Sadikin,6,6,6,10,10,10,1,3,3,3,0,0,0,0,10,10,10,6,6,6,100%,Sudah Tervalidasi,100%,Sudah Terverifikasi,100%,Sudah Unggah,Hijau,Klasifikasi Perguruan Tinggi,
46,41061,Universitas Muhammadiyah Tasikmalaya,Kota Tasikmalaya,Meita Lukitawati Sujatna,6,6,6,10,10,10,5,3,3,3,0,0,0,1,10,10,10,6,6,6,100%,Sudah Tervalidasi,100%,Sudah Terverifikasi,100%,Sudah Unggah,Hijau,Jenis,Jumlah
47,41031,Universitas Nasional Pasim,Kota Bandung,Nan Rahminawati,6,6,6,10,10,10,7,3,3,3,4,4,1,3,8,8,8,6,6,6,94%,Belum Tervalidasi,94%,Belum Terverifikasi,94%,Tidak Lengkap,Hijau,Akademi,76
48,41067,Universitas Nusa Putra,Kabupaten Sukabumi,Nan Rahminawati,6,5,5,10,10,10,36,3,3,3,3,3,3,2,10,10,10,6,6,6,97%,Belum Tervalidasi,97%,Belum Terverifikasi,100%,Sudah Unggah,Hijau,Institut,24
49,41004,Universitas Pakuan,Kota Bogor,Dewi Kurniasih,6,6,6,10,10,10,15,3,3,3,4,4,4,1,10,10,5,6,6,6,86%,Belum Tervalidasi,100%,Sudah Terverifikasi,100%,Sudah Unggah,Hijau,Politeknik,48
50,41033,Universitas Pamulang,Kota Tangerang,Yusep Ikrawan,6,6,6,10,10,10,5,3,3,3,2,2,2,0,6,6,6,6,6,6,89%,Belum Tervalidasi,89%,Belum Terverifikasi,89%,Tidak Lengkap,Hijau,Sekolah Tinggi,171
51,41078,Universitas Panca Sakti Bekasi,Kota Bekasi,Emma Hermawati Muhari,6,6,6,10,10,10,5,3,3,1,4,4,3,0,10,10,10,6,6,6,94%,Belum Tervalidasi,100%,Sudah Terverifikasi,100%,Sudah Unggah,Hijau,Universitas,120
52,41008,Universitas Pasundan,Kota Bandung,Emma Hermawati Muhari,6,6,6,10,10,10,61,3,3,3,4,4,4,6,10,10,10,6,6,6,100%,Sudah Tervalidasi,100%,Sudah Terverifikasi,100%,Sudah Unggah,Hijau,Total,439
53,41053,Universitas Pembangunan Jaya,Kota Tangerang Selatan,Supriyadi Sadikin,6,6,6,10,10,10,0,3,3,3,4,4,4,0,9,9,9,6,6,6,97%,Belum Tervalidasi,97%,Belum Terverifikasi,97%,Tidak Lengkap,Hijau,,
54,41035,Universitas Putra Indonesia,Kabupaten Cianjur,Lisye Fitria,6,6,6,10,10,10,7,3,3,3,0,0,0,0,9,9,9,6,6,6,97%,Belum Tervalidasi,97%,Belum Terverifikasi,97%,Tidak Lengkap,Hijau,,
55,41009,Universitas Swadaya Gunung Jati,Kota Cirebon,Nan Rahminawati,6,6,6,10,10,10,1,3,3,3,1,1,1,0,6,6,6,6,6,6,89%,Belum Tervalidasi,89%,Belum Terverifikasi,89%,Tidak Lengkap,Hijau,,
56,41111,Universitas Teknologi Digital,Kota Bandung,Nandi Widarman S,6,6,6,10,10,10,1,3,3,3,2,0,0,0,10,10,10,6,6,6,100%,Sudah Tervalidasi,100%,Sudah Terverifikasi,100%,Sudah Unggah,Hijau,,
57,41057,Universitas Telkom,Kota Bandung,Yusep Ikrawan,6,6,6,10,10,10,7,3,3,3,4,4,4,5,10,10,10,6,6,6,100%,Sudah Tervalidasi,100%,Sudah Terverifikasi,100%,Sudah Unggah,Hijau,,
58,41022,Universitas Winaya Mukti,Kota Bandung,Dewi Kurniasih,6,6,6,10,10,10,7,3,2,2,4,2,2,0,10,7,7,6,6,6,89%,Belum Tervalidasi,89%,Belum Terverifikasi,100%,Sudah Unggah,Hijau,,
59,41099,Universitas Yuppentek Indonesia,Kota Tangerang,Nan Rahminawati,6,6,6,10,10,10,1,3,3,3,0,0,0,0,10,10,10,6,6,6,100%,Sudah Tervalidasi,100%,Sudah Terverifikasi,100%,Sudah Unggah,Hijau,,
60,44238,Akademi Farmasi YPF,Kota Bandung,Meita Lukitawati Sujatna,6,6,6,10,10,10,0,3,3,3,4,4,4,0,10,10,10,6,6,6,100%,Sudah Tervalidasi,100%,Sudah Terverifikasi,100%,Sudah Unggah,Hijau,,
61,44072,Akademi Tata Boga Bandung,Kota Bandung,Nanah Sujanah,6,6,6,10,10,10,1,3,3,3,4,4,0,1,6,6,6,6,6,6,89%,Belum Tervalidasi,89%,Belum Terverifikasi,89%,Tidak Lengkap,Hijau,,
62,42013,Institut Pendidikan Indonesia Garut,Kabupaten Garut,Nandi Widarman S,6,6,6,10,10,10,5,3,3,3,2,2,2,6,4,4,4,6,6,6,83%,Belum Tervalidasi,83%,Belum Terverifikasi,83%,Tidak Lengkap,Hijau,,
63,42028,Institut Teknologi dan Kesehatan Mahardika,Kota Cirebon,Meita Lukitawati Sujatna,6,6,6,10,10,10,0,3,3,3,3,3,2,0,10,10,10,6,6,6,100%,Sudah Tervalidasi,100%,Sudah Terverifikasi,100%,Sudah Unggah,Hijau,,
64,45042,Politeknik Enjinering Indorama,Kabupaten Purwakarta,Nandi Widarman S,6,6,6,10,10,10,0,3,3,3,1,0,0,0,9,9,9,6,6,5,94%,Belum Tervalidasi,97%,Belum Terverifikasi,97%,Tidak Lengkap,Hijau,,
65,43359,Sekolah Tinggi Ilmu Komputer El Rahma,Kota Bogor,Yusep Ikrawan,6,6,6,10,10,10,2,3,3,3,4,0,0,0,10,10,10,6,6,6,100%,Sudah Tervalidasi,100%,Sudah Terverifikasi,100%,Sudah Unggah,Hijau,,
66,43217,Sekolah Tinggi Teknik Karawang,Kabupaten Karawang,Meita Lukitawati Sujatna,6,6,6,10,10,10,1,3,3,3,0,0,0,1,5,5,5,6,6,6,86%,Belum Tervalidasi,86%,Belum Terverifikasi,86%,Tidak Lengkap,Hijau,,
67,43103,STISIP Widyapuri Mandiri,Kabupaten Sukabumi,Dewi Kurniasih,6,6,6,10,10,10,2,3,3,3,4,0,0,0,10,10,10,6,0,0,83%,Belum Tervalidasi,83%,Belum Terverifikasi,100%,Sudah Unggah,Hijau,,
68,41011,Universitas Advent Indonesia,Kabupaten Bandung Barat,Emma Hermawati Muhari,6,6,6,10,10,10,3,3,3,3,0,0,0,0,6,6,6,6,6,5,86%,Belum Tervalidasi,89%,Belum Terverifikasi,89%,Tidak Lengkap,Hijau,,
69,41024,Universitas Garut,Kabupaten Garut,Supriyadi Sadikin,6,6,6,10,10,10,12,3,3,3,1,0,0,1,4,4,4,6,6,6,83%,Belum Tervalidasi,83%,Belum Terverifikasi,83%,Tidak Lengkap,Hijau,,
70,41018,Universitas Islam 45,Kota Bekasi,Yusep Ikrawan,6,6,6,10,10,10,7,3,3,3,0,0,0,3,5,5,5,6,6,6,86%,Belum Tervalidasi,86%,Belum Terverifikasi,86%,Tidak Lengkap,Hijau,,
71,41104,Universitas Logistik dan Bisnis Internasional,Kota Bandung,Nanah Sujanah,6,6,6,10,10,10,1,3,3,3,3,0,0,0,10,10,10,6,0,0,83%,Belum Tervalidasi,83%,Belum Terverifikasi,100%,Sudah Unggah,Hijau,,
72,41025,Universitas Nurtanio,Kota Bandung,Nan Rahminawati,6,6,6,10,10,10,1,3,3,3,3,0,0,0,10,10,10,6,6,0,83%,Belum Tervalidasi,100%,Sudah Terverifikasi,100%,Sudah Unggah,Hijau,,
73,41041,Universitas Presiden,Kabupaten Bekasi,Emma Hermawati Muhari,6,6,6,10,10,10,1,3,3,3,4,4,3,0,10,9,9,6,5,5,94%,Belum Tervalidasi,94%,Belum Terverifikasi,100%,Sudah Unggah,Hijau,,
74,41100,Universitas Sali Al-Aitaam,Kabupaten Bandung,Lisye Fitria,6,6,6,9,9,9,1,3,3,3,4,0,0,0,5,5,5,6,6,6,83%,Belum Tervalidasi,83%,Belum Terverifikasi,83%,Tidak Lengkap,Hijau,,
75,41044,Universitas Sangga Buana,Kota Bandung,Lisye Fitria,6,6,6,10,10,10,6,3,3,3,1,1,1,0,5,5,5,6,6,6,86%,Belum Tervalidasi,86%,Belum Terverifikasi,86%,Tidak Lengkap,Hijau,,
76,41122,Universitas Utpadaka Swastika,Kota Tangerang,Lisye Fitria,6,6,6,10,10,10,4,3,3,3,2,2,2,0,10,10,10,6,6,6,100%,Sudah Tervalidasi,100%,Sudah Terverifikasi,100%,Sudah Unggah,Hijau,,
77,42022,Institut Digital Ekonomi LPKIA,Kota Bandung,Yusep Ikrawan,6,6,6,10,10,10,0,3,3,3,4,4,4,0,4,4,4,6,6,6,83%,Belum Tervalidasi,83%,Belum Terverifikasi,83%,Tidak Lengkap,Hijau,,
78,45043,Politeknik Meta Industri Cikarang,Kabupaten Bekasi,Emma Hermawati Muhari,6,6,6,9,9,9,6,3,3,2,4,0,0,2,9,9,9,6,6,5,89%,Belum Tervalidasi,94%,Belum Terverifikasi,94%,Tidak Lengkap,Hijau,,
79,43390,Sekolah Tinggi Ilmu Ekonomi Triguna,Kabupaten Tangerang,Yusep Ikrawan,6,6,6,10,10,10,0,3,3,3,3,0,0,0,5,5,5,6,6,6,86%,Belum Tervalidasi,86%,Belum Terverifikasi,86%,Tidak Lengkap,Hijau,,
80,43377,Sekolah Tinggi Manajemen Informatika dan Komputer Al Muslim,Kabupaten Bekasi,Emma Hermawati Muhari,6,6,6,10,10,10,4,3,3,3,3,3,3,0,10,10,10,6,6,6,100%,Sudah Tervalidasi,100%,Sudah Terverifikasi,100%,Sudah Unggah,Hijau,,
81,43323,STKIP Muhammadiyah Kuningan,Kabupaten Kuningan,Emma Hermawati Muhari,6,6,6,9,9,9,1,3,3,3,3,3,3,0,10,10,10,6,6,6,97%,Belum Tervalidasi,97%,Belum Terverifikasi,97%,Tidak Lengkap,Hijau,,
82,41005,Universitas Islam Syekh-Yusuf,Kota Tangerang,Yusep Ikrawan,6,6,6,10,10,10,2,3,3,3,4,0,0,0,4,4,4,6,6,6,83%,Belum Tervalidasi,83%,Belum Terverifikasi,83%,Tidak Lengkap,Hijau,,
83,43196,Sekolah Tinggi Bahasa Asing Technocrat,Kabupaten Tangerang,Lisye Fitria,6,6,6,10,10,10,4,3,3,3,4,4,4,1,3,3,3,6,6,6,80%,Belum Tervalidasi,80%,Belum Terverifikasi,80%,Tidak Lengkap,Kuning,,
84,43213,Sekolah Tinggi Ilmu Kesehatan Indramayu,Kabupaten Indramayu,Supriyadi Sadikin,6,6,6,10,10,10,1,3,3,3,4,4,4,1,3,3,3,6,6,6,80%,Belum Tervalidasi,80%,Belum Terverifikasi,80%,Tidak Lengkap,Kuning,,
85,43326,Sekolah Tinggi Keguruan dan Ilmu Pendidikan Bina Mutiara,Kabupaten Sukabumi,Meita Lukitawati Sujatna,6,6,6,10,10,10,4,3,3,3,4,4,4,5,3,3,3,6,6,6,80%,Belum Tervalidasi,80%,Belum Terverifikasi,80%,Tidak Lengkap,Kuning,,
86,43319,Sekolah Tinggi Pariwisata Bogor,Kota Bogor,Supriyadi Sadikin,6,6,6,10,10,10,10,3,3,3,4,4,4,2,4,0,0,6,6,6,71%,Belum Tervalidasi,71%,Belum Terverifikasi,83%,Tidak Lengkap,Kuning,,
87,41037,Universitas Al-ghifari,Kota Bandung,Nan Rahminawati,6,6,6,10,10,10,1,3,3,3,4,4,4,3,3,3,3,6,6,6,80%,Belum Tervalidasi,80%,Belum Terverifikasi,80%,Tidak Lengkap,Kuning,,
88,41021,Universitas Jenderal Achmad Yani,Kota Cimahi,Nanah Sujanah,6,6,6,10,10,10,0,3,3,3,4,4,4,0,3,3,3,6,6,6,80%,Belum Tervalidasi,80%,Belum Terverifikasi,80%,Tidak Lengkap,Kuning,,
89,41027,Universitas Komputer Indonesia,Kota Bandung,Nan Rahminawati,6,2,2,10,10,10,10,3,2,2,2,1,1,4,8,8,8,6,6,6,80%,Belum Tervalidasi,80%,Belum Terverifikasi,94%,Tidak Lengkap,Kuning,,
90,41071,Universitas Raharja,Kota Tangerang,Lisye Fitria,6,6,6,10,7,7,8,3,1,1,4,4,4,0,9,9,8,6,6,6,80%,Belum Tervalidasi,83%,Belum Terverifikasi,97%,Tidak Lengkap,Kuning,,
91,44239,Akademi Farmasi Bumi Siliwangi,Kota Bandung,Lisye Fitria,6,6,6,9,9,9,1,3,3,3,2,2,2,0,2,2,2,6,1,1,60%,Belum Tervalidasi,60%,Belum Terverifikasi,74%,Tidak Lengkap,Kuning,,
92,44196,Akademi Kebidanan Prima Husada,Kota Bogor,Nan Rahminawati,6,6,6,10,10,10,1,3,1,1,1,0,0,1,3,3,3,6,6,6,74%,Belum Tervalidasi,74%,Belum Terverifikasi,80%,Tidak Lengkap,Kuning,,
93,44160,Akademi Keperawatan Buntet Pesantren,Kabupaten Cirebon,Yusep Ikrawan,6,6,6,10,10,10,0,3,3,3,4,3,3,0,3,3,3,6,6,6,80%,Belum Tervalidasi,80%,Belum Terverifikasi,80%,Tidak Lengkap,Kuning,,
94,44143,Akademi Keperawatan Kebonjati,Kota Bandung,Dewi Kurniasih,6,0,0,10,10,10,1,3,0,0,0,0,0,0,4,4,0,6,3,3,37%,Belum Tervalidasi,49%,Belum Terverifikasi,83%,Tidak Lengkap,Merah,,
95,44230,Akademi Keperawatan RS Efarina,Kabupaten Purwakarta,Supriyadi Sadikin,6,6,6,10,10,6,1,3,3,2,0,0,0,0,3,3,3,6,6,4,60%,Belum Tervalidasi,80%,Belum Terverifikasi,80%,Tidak Lengkap,Kuning,,
96,44052,Akademi Maritim Cirebon,Kota Cirebon,Emma Hermawati Muhari,6,6,6,10,10,10,2,2,2,2,4,3,3,1,4,4,4,6,5,5,77%,Belum Tervalidasi,77%,Belum Terverifikasi,80%,Tidak Lengkap,Kuning,,
97,44071,Akademi Sekretari Dan Manajemen Ariyanti,Kota Bandung,Emma Hermawati Muhari,6,6,6,9,9,9,7,3,3,0,4,4,3,0,5,5,5,6,6,4,69%,Belum Tervalidasi,83%,Belum Terverifikasi,83%,Tidak Lengkap,Kuning,,
98,44108,AMIK Citra Buana Indonesia,Kota Sukabumi,Meita Lukitawati Sujatna,6,6,6,8,8,8,1,3,3,3,4,1,1,1,3,3,3,5,5,5,71%,Belum Tervalidasi,71%,Belum Terverifikasi,71%,Tidak Lengkap,Kuning,,
99,44009,AMIK Wira Nusantara,Kabupaten Lebak,Lisye Fitria,6,6,6,8,8,8,1,3,3,3,0,0,0,0,1,1,1,6,6,6,69%,Belum Tervalidasi,69%,Belum Terverifikasi,69%,Tidak Lengkap,Kuning,,
100,42010,Institut Bisnis Muhammadiyah Bekasi,Kota Bekasi,Nanah Sujanah,6,6,0,10,10,9,8,3,3,2,3,3,2,0,10,10,10,6,6,0,60%,Belum Tervalidasi,100%,Sudah Terverifikasi,100%,Sudah Unggah,Kuning,,
101,42012,Institut Keguruan dan Ilmu Pendidikan Siliwangi,Kota Cimahi,Supriyadi Sadikin,6,6,6,10,10,10,12,3,2,2,4,2,2,57,3,3,0,6,6,6,69%,Belum Tervalidasi,77%,Belum Terverifikasi,80%,Tidak Lengkap,Kuning,,
102,42017,Institut Kesehatan Rajawali,Kota Bandung,Nanah Sujanah,6,6,6,9,8,8,0,3,3,3,0,0,0,0,9,6,6,6,5,5,80%,Belum Tervalidasi,80%,Belum Terverifikasi,94%,Tidak Lengkap,Kuning,,
103,42026,Institut Teknologi dan Bisnis Banten,Kota Serang,Emma Hermawati Muhari,6,6,6,10,10,10,0,3,3,3,0,0,0,1,3,3,3,5,5,4,74%,Belum Tervalidasi,77%,Belum Terverifikasi,77%,Tidak Lengkap,Kuning,,
104,42020,Institut Teknologi Garut,Kabupaten Garut,Dewi Kurniasih,6,6,6,10,10,10,15,3,0,0,1,0,0,0,2,0,0,6,6,6,63%,Belum Tervalidasi,63%,Belum Terverifikasi,77%,Tidak Lengkap,Kuning,,
105,42006,Institut Teknologi Harapan Bangsa,Kota Bandung,Lisye Fitria,6,6,6,6,6,6,3,3,3,3,4,3,3,0,2,2,0,6,6,6,60%,Belum Tervalidasi,66%,Belum Terverifikasi,66%,Tidak Lengkap,Kuning,,
106,42015,Institut Teknologi Tangerang Selatan,Kota Tangerang Selatan,Emma Hermawati Muhari,6,6,6,10,10,10,0,3,3,3,4,4,1,0,1,1,0,6,6,2,60%,Belum Tervalidasi,74%,Belum Terverifikasi,74%,Tidak Lengkap,Kuning,,
107,45030,Politeknik Al-Islam Bandung,Kota Bandung,Nandi Widarman S,6,6,6,6,6,6,5,3,3,3,3,0,0,1,6,6,6,6,6,1,63%,Belum Tervalidasi,77%,Belum Terverifikasi,77%,Tidak Lengkap,Kuning,,
108,45046,Politeknik Bhakti Asih Purwakarta,Kabupaten Purwakarta,Nandi Widarman S,6,6,6,10,10,10,0,3,3,3,4,0,0,0,10,10,2,6,3,3,69%,Belum Tervalidasi,91%,Belum Terverifikasi,100%,Sudah Unggah,Kuning,,
109,45053,Politeknik Bina Madani,Kabupaten Bekasi,Nandi Widarman S,6,6,6,4,4,4,0,3,3,3,0,0,0,0,6,6,6,6,5,5,69%,Belum Tervalidasi,69%,Belum Terverifikasi,71%,Tidak Lengkap,Kuning,,
110,45033,Politeknik Kesehatan Bhakti Pertiwi Husada,Kota Cirebon,Nandi Widarman S,6,6,6,10,10,10,1,3,3,3,2,1,1,0,1,1,1,6,6,6,74%,Belum Tervalidasi,74%,Belum Terverifikasi,74%,Tidak Lengkap,Kuning,,
111,45051,Politeknik Kesehatan Genesis Medicare,Kota Depok,Supriyadi Sadikin,6,6,6,9,9,9,2,3,3,3,3,3,3,0,3,3,3,6,6,6,77%,Belum Tervalidasi,77%,Belum Terverifikasi,77%,Tidak Lengkap,Kuning,,
112,45010,Politeknik Piksi Input Serang,Kabupaten Serang,Emma Hermawati Muhari,6,6,6,5,5,5,0,3,3,3,4,4,3,0,5,5,5,6,6,6,71%,Belum Tervalidasi,71%,Belum Terverifikasi,71%,Tidak Lengkap,Kuning,,
113,45012,Politeknik Tri Mitra Karya Mandiri,Kabupaten Karawang,Emma Hermawati Muhari,6,6,6,10,10,10,0,3,3,3,0,0,0,0,1,1,1,6,5,5,71%,Belum Tervalidasi,71%,Belum Terverifikasi,74%,Tidak Lengkap,Kuning,,
114,45037,Politeknik Triguna Tasikmalaya,Kota Tasikmalaya,Meita Lukitawati Sujatna,6,6,6,10,10,10,0,3,3,3,0,0,0,0,3,3,3,6,6,6,80%,Belum Tervalidasi,80%,Belum Terverifikasi,80%,Tidak Lengkap,Kuning,,
115,45041,Politeknik Tunas Pemuda,Kota Tangerang,Dewi Kurniasih,6,6,6,10,10,10,2,3,3,3,3,1,1,0,3,3,3,6,6,6,80%,Belum Tervalidasi,80%,Belum Terverifikasi,80%,Tidak Lengkap,Kuning,,
116,43131,Sekolah Tinggi Bahasa Asing JIA,Kota Bekasi,Meita Lukitawati Sujatna,6,6,6,8,8,8,0,3,3,3,0,0,0,0,3,3,3,6,6,0,57%,Belum Tervalidasi,74%,Belum Terverifikasi,74%,Tidak Lengkap,Kuning,,
117,43035,Sekolah Tinggi Bahasa Asing Yapari,Kota Bandung,Nanah Sujanah,6,6,6,10,10,10,7,3,3,3,3,2,2,0,3,3,3,6,6,6,80%,Belum Tervalidasi,80%,Belum Terverifikasi,80%,Tidak Lengkap,Kuning,,
118,43079,Sekolah Tinggi Desain Indonesia Bandung,Kota Bandung,Nanah Sujanah,6,6,6,10,10,10,0,3,3,3,4,4,2,0,0,0,0,2,2,2,60%,Belum Tervalidasi,60%,Belum Terverifikasi,60%,Tidak Lengkap,Kuning,,
119,43003,Sekolah Tinggi Hukum Pasundan,Kota Sukabumi,Nan Rahminawati,6,6,5,9,9,9,6,3,1,0,4,4,0,0,5,5,5,6,6,6,71%,Belum Tervalidasi,77%,Belum Terverifikasi,83%,Tidak Lengkap,Kuning,,
120,43227,Sekolah Tinggi Ilmu Ekonomi BII Bekasi,Kabupaten Bekasi,Dewi Kurniasih,6,6,6,10,10,10,0,3,3,3,4,4,1,2,10,0,0,6,6,6,71%,Belum Tervalidasi,71%,Belum Terverifikasi,100%,Sudah Unggah,Kuning,,
121,43349,Sekolah Tinggi Ilmu Ekonomi Ekadharma Indonesia,Kabupaten Bekasi,Meita Lukitawati Sujatna,6,6,6,10,10,10,0,3,3,3,3,3,3,0,3,3,3,6,6,6,80%,Belum Tervalidasi,80%,Belum Terverifikasi,80%,Tidak Lengkap,Kuning,,
122,43296,Sekolah Tinggi Ilmu Ekonomi Harapan Bangsa,Kota Bandung,Nan Rahminawati,6,6,6,6,5,5,3,3,3,3,4,2,2,0,2,2,2,6,6,6,63%,Belum Tervalidasi,63%,Belum Terverifikasi,66%,Tidak Lengkap,Kuning,,
123,43088,Sekolah Tinggi Ilmu Ekonomi Miftahul Huda,Kabupaten Subang,Nanah Sujanah,6,6,6,10,10,10,2,3,3,3,0,0,0,0,2,2,2,6,6,6,77%,Belum Tervalidasi,77%,Belum Terverifikasi,77%,Tidak Lengkap,Kuning,,
124,43043,Sekolah Tinggi Ilmu Ekonomi Pasundan,Kota Bandung,Nan Rahminawati,6,6,6,10,10,10,5,3,3,3,2,2,2,0,3,3,3,6,6,6,80%,Belum Tervalidasi,80%,Belum Terverifikasi,80%,Tidak Lengkap,Kuning,,
125,43096,Sekolah Tinggi Ilmu Ekonomi Tri Bhakti,Kabupaten Bekasi,Lisye Fitria,6,6,6,9,9,9,0,3,3,3,4,4,4,0,0,0,0,0,0,0,51%,Belum Tervalidasi,51%,Belum Terverifikasi,51%,Tidak Lengkap,Kuning,,
126,43114,Sekolah Tinggi Ilmu Ekonomi Yasmi,Kabupaten Cirebon,Lisye Fitria,6,6,5,7,7,4,0,3,3,2,4,4,4,0,4,4,3,6,6,6,57%,Belum Tervalidasi,74%,Belum Terverifikasi,74%,Tidak Lengkap,Kuning,,
127,43372,Sekolah Tinggi Ilmu Kesehatan Ahmad Dahlan Cirebon,Kabupaten Cirebon,Lisye Fitria,6,6,6,6,6,6,4,3,0,0,3,0,0,0,6,6,6,6,6,6,69%,Belum Tervalidasi,69%,Belum Terverifikasi,77%,Tidak Lengkap,Kuning,,
128,43365,Sekolah Tinggi Ilmu Kesehatan Bogor Husada,Kota Bogor,Lisye Fitria,6,6,6,7,7,7,1,3,0,0,0,0,0,0,6,6,6,6,2,2,60%,Belum Tervalidasi,60%,Belum Terverifikasi,80%,Tidak Lengkap,Kuning,,
129,43382,Sekolah Tinggi Ilmu Kesehatan Cianjur,Kabupaten Cianjur,Emma Hermawati Muhari,6,6,5,10,10,10,0,3,3,1,0,0,0,0,7,7,7,6,6,5,80%,Belum Tervalidasi,91%,Belum Terverifikasi,91%,Tidak Lengkap,Kuning,,
130,43178,Sekolah Tinggi Ilmu Kesehatan Cirebon,Kota Cirebon,Yusep Ikrawan,6,6,6,10,10,10,1,3,3,2,4,4,2,0,1,1,0,6,6,6,69%,Belum Tervalidasi,74%,Belum Terverifikasi,74%,Tidak Lengkap,Kuning,,
131,43212,Sekolah Tinggi Ilmu Kesehatan Dharma Husada,Kota Bandung,Nandi Widarman S,6,6,6,10,10,10,4,3,2,2,1,1,1,1,7,6,0,6,5,5,66%,Belum Tervalidasi,83%,Belum Terverifikasi,91%,Tidak Lengkap,Kuning,,
132,43288,Sekolah Tinggi Ilmu Kesehatan Kuningan,Kabupaten Kuningan,Dewi Kurniasih,6,6,6,10,7,7,1,3,1,1,4,3,3,7,7,1,1,6,6,6,60%,Belum Tervalidasi,60%,Belum Terverifikasi,91%,Tidak Lengkap,Kuning,,
133,43371,Sekolah Tinggi Ilmu Kesehatan Pelita Ilmu Depok,Kota Depok,Yusep Ikrawan,6,2,2,9,3,3,1,3,3,3,0,0,0,0,6,6,6,6,6,6,57%,Belum Tervalidasi,57%,Belum Terverifikasi,86%,Tidak Lengkap,Kuning,,
134,43374,Sekolah Tinggi Ilmu Kesehatan Permata Nusantara,Kabupaten Cianjur,Emma Hermawati Muhari,6,6,6,10,10,10,17,3,3,3,4,4,3,0,3,3,3,6,6,6,80%,Belum Tervalidasi,80%,Belum Terverifikasi,80%,Tidak Lengkap,Kuning,,
135,43358,Sekolah Tinggi Ilmu Kesehatan Salsabila Serang,Kota Serang,Dewi Kurniasih,6,1,1,10,8,8,1,3,0,0,4,0,0,0,10,10,10,6,6,6,71%,Belum Tervalidasi,71%,Belum Terverifikasi,100%,Sudah Unggah,Kuning,,
136,43286,Sekolah Tinggi Ilmu Kesehatan Sukabumi,Kota Sukabumi,Dewi Kurniasih,6,6,6,5,5,5,3,3,3,3,4,0,0,3,5,5,5,6,2,2,60%,Belum Tervalidasi,60%,Belum Terverifikasi,71%,Tidak Lengkap,Kuning,,
137,43282,Sekolah Tinggi Ilmu Kesehatan Widya Dharma Husada Tangerang,Kota Tangerang Selatan,Dewi Kurniasih,6,6,6,10,9,9,7,3,3,3,4,3,3,0,10,1,1,6,2,2,60%,Belum Tervalidasi,60%,Belum Terverifikasi,100%,Sudah Unggah,Kuning,,
138,43380,Sekolah Tinggi Manajemen Informatika dan Komputer Al-Fath,Kota Sukabumi,Nanah Sujanah,6,6,6,10,10,10,0,3,3,3,0,0,0,0,3,3,3,6,6,6,80%,Belum Tervalidasi,80%,Belum Terverifikasi,80%,Tidak Lengkap,Kuning,,
139,43044,Sekolah Tinggi Teknologi Bina Tunggal,Kota Bekasi,Meita Lukitawati Sujatna,6,6,6,4,4,4,0,3,3,3,4,4,1,0,1,1,1,6,6,6,57%,Belum Tervalidasi,57%,Belum Terverifikasi,57%,Tidak Lengkap,Kuning,,
140,43100,Sekolah Tinggi Teknologi Cipasung,Kabupaten Tasikmalaya,Lisye Fitria,6,6,6,10,10,10,1,3,3,3,1,1,1,0,3,3,0,6,6,6,71%,Belum Tervalidasi,80%,Belum Terverifikasi,80%,Tidak Lengkap,Kuning,,
141,43050,Sekolah Tinggi Teknologi Cirebon,Kota Cirebon,Nandi Widarman S,6,6,6,9,8,8,9,3,3,3,2,2,2,0,1,1,1,6,1,1,54%,Belum Tervalidasi,54%,Belum Terverifikasi,71%,Tidak Lengkap,Kuning,,
142,43192,Sekolah Tinggi Teknologi Informatika Sony Sugema,Kabupaten Karawang,Nanah Sujanah,6,6,6,10,10,10,0,3,3,3,1,1,1,0,1,1,1,6,6,6,74%,Belum Tervalidasi,74%,Belum Terverifikasi,74%,Tidak Lengkap,Kuning,,
143,43253,Sekolah Tinggi Teknologi Muhammadiyah Cileungsi,Kabupaten Bogor,Dewi Kurniasih,6,6,6,10,10,10,0,3,1,1,3,3,3,0,3,3,3,6,6,6,74%,Belum Tervalidasi,74%,Belum Terverifikasi,80%,Tidak Lengkap,Kuning,,
144,43262,Sekolah Tinggi Teknologi Pratama Adi,Kabupaten Bandung,Supriyadi Sadikin,6,6,6,10,10,10,0,3,3,3,4,4,4,0,1,1,0,6,6,6,71%,Belum Tervalidasi,74%,Belum Terverifikasi,74%,Tidak Lengkap,Kuning,,
145,43269,STIE Dharma Negara,Kota Bandung,Nandi Widarman S,6,6,5,10,10,8,2,3,3,3,0,0,0,0,9,9,9,6,6,6,89%,Belum Tervalidasi,97%,Belum Terverifikasi,97%,Tidak Lengkap,Hijau,,
146,43361,STIKES Muhammadiyah Kuningan,Kabupaten Kuningan,Dewi Kurniasih,6,4,4,9,9,9,2,3,3,3,2,0,0,4,9,9,9,0,0,0,71%,Belum Tervalidasi,71%,Belum Terverifikasi,77%,Tidak Lengkap,Kuning,,
147,43341,STISIP Trimasda Cilegon,Kota Cilegon,Nandi Widarman S,6,6,6,10,10,10,1,3,3,3,2,0,0,0,1,1,1,6,6,6,74%,Belum Tervalidasi,74%,Belum Terverifikasi,74%,Tidak Lengkap,Kuning,,
148,43137,STMIK Amik Bandung,Kota Bandung,Nanah Sujanah,6,5,5,5,5,5,0,3,3,3,0,0,0,0,8,8,8,6,6,6,77%,Belum Tervalidasi,77%,Belum Terverifikasi,80%,Tidak Lengkap,Kuning,,
149,43063,STMIK Bandung,Kota Bandung,Lisye Fitria,6,6,6,10,10,10,0,3,3,3,3,3,2,0,1,1,1,6,6,6,74%,Belum Tervalidasi,74%,Belum Terverifikasi,74%,Tidak Lengkap,Kuning,,
150,43185,STMIK IKMI Cirebon,Kota Cirebon,Lisye Fitria,6,6,6,10,10,10,0,3,3,3,2,2,2,0,3,3,3,6,6,6,80%,Belum Tervalidasi,80%,Belum Terverifikasi,80%,Tidak Lengkap,Kuning,,
151,43232,STMIK Mercusuar,Kota Bekasi,Meita Lukitawati Sujatna,6,6,6,8,8,8,0,2,2,2,1,1,1,0,0,0,0,6,6,6,63%,Belum Tervalidasi,63%,Belum Terverifikasi,63%,Tidak Lengkap,Kuning,,
152,43139,STMIK Rosma,Kabupaten Karawang,Meita Lukitawati Sujatna,6,6,6,8,8,8,4,3,3,3,4,0,0,0,5,5,5,6,0,0,63%,Belum Tervalidasi,63%,Belum Terverifikasi,80%,Tidak Lengkap,Kuning,,
153,41077,Universitas Adhirajasa Reswara Sanjaya,Kota Bandung,Emma Hermawati Muhari,6,6,6,9,9,9,6,3,3,3,1,1,1,0,9,9,9,6,6,5,91%,Belum Tervalidasi,94%,Belum Terverifikasi,94%,Tidak Lengkap,Hijau,,
154,41098,Universitas Bakti Tunas Husada,Kota Tasikmalaya,Nandi Widarman S,6,6,6,5,5,5,2,3,3,3,4,3,3,0,3,3,3,6,6,6,66%,Belum Tervalidasi,66%,Belum Terverifikasi,66%,Tidak Lengkap,Kuning,,
155,41055,Universitas Banten Jaya,Kota Serang,Yusep Ikrawan,6,6,6,10,10,10,14,3,3,3,4,4,3,0,2,2,2,6,6,6,77%,Belum Tervalidasi,77%,Belum Terverifikasi,77%,Tidak Lengkap,Kuning,,
156,41081,Universitas Binaniaga Indonesia,Kota Bogor,Yusep Ikrawan,6,6,6,10,9,9,0,3,3,3,4,4,4,0,8,4,4,6,6,6,80%,Belum Tervalidasi,80%,Belum Terverifikasi,94%,Tidak Lengkap,Kuning,,
157,41062,Universitas Buana Perjuangan Karawang,Kabupaten Karawang,Nandi Widarman S,6,6,2,10,10,7,9,3,3,3,1,0,0,10,10,10,10,6,6,4,74%,Belum Tervalidasi,100%,Sudah Terverifikasi,100%,Sudah Unggah,Kuning,,
158,41060,Universitas Buddhi Dharma,Kota Tangerang,Yusep Ikrawan,6,6,6,5,5,5,5,3,3,3,4,4,4,2,4,4,4,6,6,6,69%,Belum Tervalidasi,69%,Belum Terverifikasi,69%,Tidak Lengkap,Kuning,,
159,41086,Universitas Cendekia Abditama,Kabupaten Tangerang,Meita Lukitawati Sujatna,6,6,6,10,10,10,0,3,3,3,0,0,0,0,1,1,1,6,6,6,74%,Belum Tervalidasi,74%,Belum Terverifikasi,74%,Tidak Lengkap,Kuning,,
160,41089,Universitas Cipasung Tasikmalaya,Kabupaten Tasikmalaya,Nanah Sujanah,6,6,6,10,10,10,1,3,3,3,4,1,1,1,1,1,1,6,6,6,74%,Belum Tervalidasi,74%,Belum Terverifikasi,74%,Tidak Lengkap,Kuning,,
161,41082,Universitas Global Jakarta,Kota Depok,Supriyadi Sadikin,6,6,6,10,8,8,2,3,3,3,4,3,3,1,5,5,5,6,6,6,80%,Belum Tervalidasi,80%,Belum Terverifikasi,86%,Tidak Lengkap,Kuning,,
162,41001,Universitas Ibn Khaldun Bogor,Kota Bogor,Supriyadi Sadikin,6,5,5,10,8,8,2,3,3,3,4,1,1,0,1,1,0,6,6,6,63%,Belum Tervalidasi,66%,Belum Terverifikasi,74%,Tidak Lengkap,Kuning,,
163,41093,Universitas Indonesia Membangun,Kota Bandung,Supriyadi Sadikin,6,6,6,10,10,10,0,3,3,3,2,1,1,0,3,3,3,6,6,6,80%,Belum Tervalidasi,80%,Belum Terverifikasi,80%,Tidak Lengkap,Kuning,,
164,41110,Universitas Insan Pembangunan Indonesia,Kabupaten Tangerang,Meita Lukitawati Sujatna,6,6,6,10,10,10,3,3,3,3,3,0,0,1,10,3,3,6,6,6,80%,Belum Tervalidasi,80%,Belum Terverifikasi,100%,Sudah Unggah,Kuning,,
165,41003,Universitas Islam Nusantara,Kota Bandung,Lisye Fitria,6,6,6,10,10,10,0,3,0,0,4,2,2,0,7,7,7,6,1,1,69%,Belum Tervalidasi,69%,Belum Terverifikasi,91%,Tidak Lengkap,Kuning,,
166,41015,Universitas Langlang Buana,Kota Bandung,Lisye Fitria,6,6,6,10,10,10,0,3,0,0,3,3,3,0,3,3,3,6,0,0,54%,Belum Tervalidasi,54%,Belum Terverifikasi,80%,Tidak Lengkap,Kuning,,
167,41120,Universitas Linggabuana PGRI Sukabumi,Kota Sukabumi,Lisye Fitria,6,6,6,10,5,5,3,3,3,3,0,0,0,0,1,1,1,5,5,5,57%,Belum Tervalidasi,57%,Belum Terverifikasi,71%,Tidak Lengkap,Kuning,,
168,41058,Universitas Lintas Internasional Indonesia,Kota Tangerang Selatan,Meita Lukitawati Sujatna,6,5,5,9,9,9,2,3,3,3,3,3,0,3,4,4,3,6,5,5,71%,Belum Tervalidasi,74%,Belum Terverifikasi,80%,Tidak Lengkap,Kuning,,
169,41090,Universitas Mandiri,Kabupaten Subang,Nanah Sujanah,6,6,6,10,4,4,1,3,0,0,4,0,0,0,9,9,9,6,2,2,60%,Belum Tervalidasi,60%,Belum Terverifikasi,97%,Tidak Lengkap,Kuning,,
170,41073,Universitas Masoem,Kabupaten Sumedang,Lisye Fitria,6,6,6,8,7,7,5,3,2,2,4,0,0,0,1,1,1,6,6,6,63%,Belum Tervalidasi,63%,Belum Terverifikasi,69%,Tidak Lengkap,Kuning,,
171,41094,Universitas Medika Suherman,Kabupaten Bekasi,Nanah Sujanah,6,6,6,10,10,10,4,3,3,3,3,3,3,0,3,3,3,6,6,6,80%,Belum Tervalidasi,80%,Belum Terverifikasi,80%,Tidak Lengkap,Kuning,,
172,41040,Universitas Muhammadiyah Sukabumi,Kota Sukabumi,Nan Rahminawati,6,6,6,9,9,9,3,3,3,3,2,1,1,0,9,9,8,0,0,0,74%,Belum Tervalidasi,77%,Belum Terverifikasi,77%,Tidak Lengkap,Kuning,,
173,41051,Universitas Muhammadiyah Tangerang,Kota Tangerang,Nan Rahminawati,6,6,6,7,7,7,5,3,3,3,3,3,3,0,1,1,1,6,6,6,66%,Belum Tervalidasi,66%,Belum Terverifikasi,66%,Tidak Lengkap,Kuning,,
174,41054,Universitas Nahdlatul Ulama Cirebon,Kota Cirebon,Meita Lukitawati Sujatna,6,6,6,10,8,8,0,3,2,2,3,1,1,0,1,1,1,6,6,6,66%,Belum Tervalidasi,66%,Belum Terverifikasi,74%,Tidak Lengkap,Kuning,,
175,41072,Universitas Pelita Bangsa,Kabupaten Bekasi,Nan Rahminawati,6,5,5,7,7,7,12,3,3,3,3,3,2,1,10,10,0,6,6,6,60%,Belum Tervalidasi,89%,Belum Terverifikasi,91%,Tidak Lengkap,Kuning,,
176,41063,Universitas Perjuangan Tasikmalaya,Kota Tasikmalaya,Nan Rahminawati,6,6,6,10,7,7,3,3,3,3,4,4,4,1,1,1,1,6,6,6,66%,Belum Tervalidasi,66%,Belum Terverifikasi,74%,Tidak Lengkap,Kuning,,
177,41083,Universitas Persatuan Islam,Kota Bandung,Yusep Ikrawan,6,6,6,10,10,10,0,3,3,3,4,4,4,0,1,1,1,6,6,6,74%,Belum Tervalidasi,74%,Belum Terverifikasi,74%,Tidak Lengkap,Kuning,,
178,41108,Universitas Pertiwi,Kota Bekasi,Nan Rahminawati,6,6,6,10,10,10,0,3,3,3,4,0,0,0,5,3,3,6,1,1,66%,Belum Tervalidasi,66%,Belum Terverifikasi,86%,Tidak Lengkap,Kuning,,
179,41123,Universitas Santo Borromeus,Kabupaten Bandung Barat,Dewi Kurniasih,6,6,6,8,7,7,5,3,3,3,3,2,2,0,3,3,3,6,6,6,71%,Belum Tervalidasi,71%,Belum Terverifikasi,74%,Tidak Lengkap,Kuning,,
180,41049,Universitas Serang Raya,Kota Serang,Dewi Kurniasih,6,5,5,8,8,8,0,0,0,0,3,3,3,0,6,6,5,6,5,5,66%,Belum Tervalidasi,69%,Belum Terverifikasi,74%,Tidak Lengkap,Kuning,,
181,41050,Universitas Teknologi Nusantara,Kabupaten Bogor,Nan Rahminawati,6,6,6,10,10,10,1,3,3,3,4,0,0,0,1,1,1,6,6,6,74%,Belum Tervalidasi,74%,Belum Terverifikasi,74%,Tidak Lengkap,Kuning,,
182,41047,Universitas Wanita Internasional,Kota Bandung,Lisye Fitria,6,6,6,9,9,9,0,3,3,3,0,0,0,0,1,1,1,6,6,6,71%,Belum Tervalidasi,71%,Belum Terverifikasi,71%,Tidak Lengkap,Kuning,,
183,41034,Universitas Widyatama,Kota Bandung,Dewi Kurniasih,6,6,6,10,10,10,2,3,3,3,4,4,4,0,1,1,1,6,6,6,74%,Belum Tervalidasi,74%,Belum Terverifikasi,74%,Tidak Lengkap,Kuning,,
184,41105,Universitas Yatsi Madani,Kota Tangerang,Nanah Sujanah,6,6,6,10,10,10,1,3,3,3,2,2,2,0,1,1,1,6,6,6,74%,Belum Tervalidasi,74%,Belum Terverifikasi,74%,Tidak Lengkap,Kuning,,
185,41107,Universitas Yayasan Pendidikan Imam Bonjol Majalengka,Kabupaten Majalengka,Emma Hermawati Muhari,6,6,6,10,10,10,4,3,3,3,2,2,2,0,3,3,3,6,6,6,80%,Belum Tervalidasi,80%,Belum Terverifikasi,80%,Tidak Lengkap,Kuning,,
186,46002,Akademi Komunitas Toyota Indonesia,Kabupaten Karawang,Yusep Ikrawan,6,6,6,6,6,6,1,3,3,3,4,4,0,0,4,4,0,6,6,6,60%,Belum Tervalidasi,71%,Belum Terverifikasi,71%,Tidak Lengkap,Kuning,,
187,44236,Akademi Pariwisata (AKPAR) Bina Sarana Informatika Bandung,Kota Bandung,Meita Lukitawati Sujatna,6,6,6,9,3,3,6,3,1,1,1,1,0,0,8,8,8,6,0,0,51%,Belum Tervalidasi,51%,Belum Terverifikasi,91%,Tidak Lengkap,Kuning,,
188,44111,Akademi Pariwisata NHI Bandung,Kota Bandung,Meita Lukitawati Sujatna,6,5,5,6,6,5,4,3,3,3,2,1,0,9,5,5,5,6,6,6,69%,Belum Tervalidasi,71%,Belum Terverifikasi,74%,Tidak Lengkap,Kuning,,
189,44049,Akademi Sekretaris Dan Manajemen Kencana Bandung,Kota Bandung,Nan Rahminawati,6,6,6,10,4,4,2,3,3,3,0,0,0,0,10,6,6,6,0,0,54%,Belum Tervalidasi,54%,Belum Terverifikasi,100%,Sudah Unggah,Kuning,,
190,42024,Institut Teknologi Al-Muhajirin,Kabupaten Purwakarta,Nan Rahminawati,6,6,6,10,10,10,1,3,3,3,4,4,4,0,3,3,3,6,6,6,80%,Belum Tervalidasi,80%,Belum Terverifikasi,80%,Tidak Lengkap,Kuning,,
191,45034,Politeknik Kesehatan TNI-AU Ciumbuleuit,Kota Bandung,Supriyadi Sadikin,6,6,6,5,5,5,0,3,3,3,3,3,3,0,3,3,3,6,5,5,63%,Belum Tervalidasi,63%,Belum Terverifikasi,66%,Tidak Lengkap,Kuning,,
192,45044,Politeknik Pariwisata Prima Internasional,Kota Cirebon,Emma Hermawati Muhari,6,5,5,10,10,10,0,3,2,2,1,1,1,0,3,3,3,6,3,3,66%,Belum Tervalidasi,66%,Belum Terverifikasi,80%,Tidak Lengkap,Kuning,,
193,45016,Politeknik TEDC,Kota Cimahi,Emma Hermawati Muhari,6,6,6,10,10,10,1,3,3,3,3,3,3,2,3,3,3,6,6,6,80%,Belum Tervalidasi,80%,Belum Terverifikasi,80%,Tidak Lengkap,Kuning,,
194,45049,Politeknik Tiara Bunda,Kota Depok,Supriyadi Sadikin,6,6,6,10,10,10,4,3,3,3,2,2,2,0,3,3,3,6,6,6,80%,Belum Tervalidasi,80%,Belum Terverifikasi,80%,Tidak Lengkap,Kuning,,
195,43194,Sekolah Tinggi Ilmu Ekonomi Ppi,Kabupaten Tangerang,Lisye Fitria,6,6,6,10,10,10,0,3,3,3,0,0,0,1,2,1,0,6,0,0,54%,Belum Tervalidasi,57%,Belum Terverifikasi,77%,Tidak Lengkap,Kuning,,
196,43389,Sekolah Tinggi Ilmu Kesehatan Bhakti Husada Cikarang,Kabupaten Bekasi,Yusep Ikrawan,6,6,6,9,9,9,1,3,3,3,0,0,0,0,1,1,1,6,6,6,71%,Belum Tervalidasi,71%,Belum Terverifikasi,71%,Tidak Lengkap,Kuning,,
197,43078,Sekolah Tinggi Pariwisata Ars Internasional,Kota Bandung,Meita Lukitawati Sujatna,6,6,6,9,3,3,6,3,1,1,1,0,0,0,8,8,3,6,5,5,51%,Belum Tervalidasi,66%,Belum Terverifikasi,91%,Tidak Lengkap,Kuning,,
198,43351,STIKES Raflesia,Kota Depok,Meita Lukitawati Sujatna,6,5,5,10,6,6,1,3,3,3,1,0,0,0,7,7,7,6,5,5,74%,Belum Tervalidasi,74%,Belum Terverifikasi,91%,Tidak Lengkap,Kuning,,
199,43360,STKIP Sinar Cendekia,Kota Tangerang Selatan,Emma Hermawati Muhari,6,6,6,10,10,10,6,3,3,1,1,1,1,4,9,9,9,1,1,1,77%,Belum Tervalidasi,83%,Belum Terverifikasi,83%,Tidak Lengkap,Kuning,,
200,41075,Universitas Catur Insan Cendekia,Kota Cirebon,Yusep Ikrawan,6,6,6,8,8,8,2,3,3,3,4,0,0,1,4,4,4,6,6,5,74%,Belum Tervalidasi,77%,Belum Terverifikasi,77%,Tidak Lengkap,Kuning,,
201,41070,Universitas Faletehan,Kabupaten Serang,Yusep Ikrawan,6,6,6,10,10,10,0,3,3,3,2,2,2,0,10,0,0,6,1,1,57%,Belum Tervalidasi,57%,Belum Terverifikasi,100%,Sudah Unggah,Kuning,,
202,41046,Universitas Informatika Dan Bisnis Indonesia,Kota Bandung,Yusep Ikrawan,6,6,6,10,10,10,1,3,3,3,4,4,4,0,1,1,1,6,6,6,74%,Belum Tervalidasi,74%,Belum Terverifikasi,74%,Tidak Lengkap,Kuning,,
203,41026,Universitas Swiss German,Kabupaten Tangerang,Nanah Sujanah,6,6,6,10,9,9,5,3,3,3,1,0,0,0,9,1,0,6,0,0,51%,Belum Tervalidasi,54%,Belum Terverifikasi,97%,Tidak Lengkap,Kuning,,
204,44134,Akademi Kebidanan Karya Bunda Husada,Kabupaten Tangerang,Emma Hermawati Muhari,0,0,1,0,0,0,16,0,0,3,0,0,3,2,0,0,10,0,0,0,40%,Belum Tervalidasi,0%,Tidak Ada,0%,Tidak Ada,Merah,,
205,41014,Universitas Wiralodra,Kabupaten Indramayu,Emma Hermawati Muhari,6,6,6,10,10,10,2,3,3,3,1,1,0,1,7,7,7,6,6,6,91%,Belum Tervalidasi,91%,Belum Terverifikasi,91%,Tidak Lengkap,Hijau,,
206,42016,Institut Bisnis Dan Informatika Kesatuan,Kota Bogor,Meita Lukitawati Sujatna,6,6,6,4,4,4,0,3,0,0,4,4,3,0,1,1,1,6,6,6,49%,Belum Tervalidasi,49%,Belum Terverifikasi,57%,Tidak Lengkap,Merah,,
207,43315,Sekolah Tinggi Ilmu Keperawatan PPNI Jawa Barat,Kota Bandung,Meita Lukitawati Sujatna,6,0,0,10,10,10,0,3,0,0,4,1,1,1,1,1,1,6,6,6,49%,Belum Tervalidasi,49%,Belum Terverifikasi,74%,Tidak Lengkap,Merah,,
208,43333,STKIP Mutiara Banten,Kabupaten Pandeglang,Emma Hermawati Muhari,6,6,0,8,8,0,3,3,3,2,4,0,0,0,3,3,0,6,6,0,6%,Belum Tervalidasi,74%,Belum Terverifikasi,74%,Tidak Lengkap,Merah,,
209,43340,STKIP PANCAKARYA,Kota Tangerang,Emma Hermawati Muhari,6,6,0,10,10,0,0,0,0,0,0,0,0,0,0,0,0,6,6,0,0%,Tidak Ada,63%,Belum Terverifikasi,63%,Tidak Lengkap,Merah,,
210,44002,Akademi Akuntansi Bandung,Kota Bandung,Lisye Fitria,6,5,1,10,10,8,0,3,1,1,4,0,0,0,10,0,0,6,0,0,29%,Belum Tervalidasi,46%,Belum Terverifikasi,100%,Sudah Unggah,Merah,,
211,44132,Akademi Analis Kesehatan An Nasher Cirebon,Kabupaten Cirebon,Dewi Kurniasih,6,6,0,8,8,0,0,0,0,0,0,0,0,0,0,0,0,0,0,0,0%,Tidak Ada,40%,Belum Terverifikasi,40%,Tidak Lengkap,Merah,,
212,44133,Akademi Bahasa Asing Internasional Bandung,Kota Bandung,Meita Lukitawati Sujatna,6,0,0,10,0,0,2,3,0,0,0,0,0,0,3,0,0,3,0,0,0%,Tidak Ada,0%,Tidak Ada,71%,Tidak Lengkap,Merah,,
213,44246,Akademi Farmasi Persada Sukabumi,Kota Sukabumi,Emma Hermawati Muhari,6,4,4,0,0,0,0,3,0,0,4,4,0,0,0,0,0,6,0,0,11%,Belum Tervalidasi,11%,Belum Terverifikasi,43%,Tidak Lengkap,Merah,,
214,44208,Akademi Kebidanan Al-Ikhlas Cisarua,Kabupaten Bogor,Meita Lukitawati Sujatna,6,6,0,10,10,0,2,3,0,0,4,0,0,0,10,10,0,6,6,0,0%,Tidak Ada,91%,Belum Terverifikasi,100%,Sudah Unggah,Merah,,
215,44188,Akademi Kebidanan Ar-Rahmah Bandung,Kota Bandung,Nan Rahminawati,6,6,0,8,8,0,1,0,0,0,0,0,0,0,0,0,0,0,0,0,0%,Tidak Ada,40%,Belum Terverifikasi,40%,Tidak Lengkap,Merah,,
216,44129,Akademi Kebidanan Assyifa Tangerang,Kota Tangerang,Dewi Kurniasih,6,6,1,0,0,0,0,3,3,0,4,4,0,0,0,0,0,0,0,0,3%,Belum Tervalidasi,26%,Belum Terverifikasi,26%,Tidak Lengkap,Merah,,
217,44211,Akademi Kebidanan Bakti Indonesia Bogor,Kabupaten Bogor,Nan Rahminawati,6,5,5,10,0,0,0,3,0,0,0,0,0,0,10,0,0,0,0,0,14%,Belum Tervalidasi,14%,Belum Terverifikasi,83%,Tidak Lengkap,Merah,,
218,44198,Akademi Kebidanan Bhakti Mitra Husada,Kota Tangerang,Nan Rahminawati,6,0,0,0,0,0,0,0,0,0,0,0,0,0,0,0,0,0,0,0,0%,Tidak Ada,0%,Tidak Ada,17%,Tidak Lengkap,Merah,,
219,44219,Akademi Kebidanan Bina Husada Serang,Kota Serang,Nandi Widarman S,6,0,0,5,0,0,0,0,0,0,0,0,0,0,0,0,0,0,0,0,0%,Tidak Ada,0%,Tidak Ada,31%,Tidak Lengkap,Merah,,
220,44127,Akademi Kebidanan Bina Husada Tangerang,Kabupaten Tangerang,Dewi Kurniasih,6,0,0,10,3,0,3,3,0,0,0,0,0,0,9,9,0,6,6,0,0%,Tidak Ada,51%,Belum Terverifikasi,97%,Tidak Lengkap,Merah,,
221,44204,Akademi Kebidanan Bunda Auni Bogor,Kabupaten Bogor,Nandi Widarman S,6,0,0,9,0,0,3,3,0,0,0,0,0,0,6,0,0,0,0,0,0%,Tidak Ada,0%,Tidak Ada,69%,Tidak Lengkap,Merah,,
222,44197,Akademi Kebidanan Citama Raya Depok,Kota Depok,Yusep Ikrawan,6,0,0,0,0,0,0,0,0,0,0,0,0,0,0,0,0,0,0,0,0%,Tidak Ada,0%,Tidak Ada,17%,Tidak Lengkap,Merah,,
223,44244,Akademi Kebidanan Farmako Husada Al-Muchtari Bogor,Kabupaten Bogor,Yusep Ikrawan,6,0,0,0,0,0,0,0,0,0,0,0,0,0,0,0,0,0,0,0,0%,Tidak Ada,0%,Tidak Ada,17%,Tidak Lengkap,Merah,,
224,44182,Akademi Kebidanan Gema Nusantara Bekasi,Kota Bekasi,Yusep Ikrawan,6,0,0,0,0,0,0,0,0,0,0,0,0,0,0,0,0,0,0,0,0%,Tidak Ada,0%,Tidak Ada,17%,Tidak Lengkap,Merah,,
225,44225,Akademi Kebidanan Graha Husada Cirebon,Kabupaten Cirebon,Yusep Ikrawan,6,5,1,0,0,0,0,3,3,0,0,0,0,0,0,0,0,2,2,0,3%,Belum Tervalidasi,29%,Belum Terverifikasi,31%,Tidak Lengkap,Merah,,
226,44174,Akademi Kebidanan Isma Husada Cirebon,Kota Cirebon,Dewi Kurniasih,6,6,2,10,10,9,8,2,2,2,0,0,0,0,4,4,0,6,6,1,40%,Belum Tervalidasi,80%,Belum Terverifikasi,80%,Tidak Lengkap,Merah,,
227,44223,Akademi Kebidanan Sayid Sabiq Indramayu,Kabupaten Indramayu,Yusep Ikrawan,6,0,0,0,0,0,0,0,0,0,0,0,0,0,0,0,0,0,0,0,0%,Tidak Ada,0%,Tidak Ada,17%,Tidak Lengkap,Merah,,
228,44215,Akademi Kebidanan Sentra Bina Yudistira Tangerang,Kota Tangerang,Dewi Kurniasih,6,1,1,10,7,6,7,3,3,2,4,4,0,0,2,2,0,4,4,0,26%,Belum Tervalidasi,49%,Belum Terverifikasi,71%,Tidak Lengkap,Merah,,
229,44248,Akademi Kebidanan Ummul Quro Al-Islami Bogor,Kabupaten Bogor,Nan Rahminawati,6,0,0,0,0,0,0,0,0,0,0,0,0,0,0,0,0,0,0,0,0%,Tidak Ada,0%,Tidak Ada,17%,Tidak Lengkap,Merah,,
230,44226,Akademi Kebidanan Wijaya Husada,Kota Bogor,Dewi Kurniasih,6,0,0,10,0,0,3,3,0,0,3,0,0,0,2,2,0,6,0,0,0%,Tidak Ada,6%,Belum Terverifikasi,77%,Tidak Lengkap,Merah,,
231,44207,Akademi Keperawatan Al-Ikhlas Cisarua,Kabupaten Bogor,Dewi Kurniasih,6,0,0,10,10,10,5,0,0,0,0,0,0,0,0,0,0,0,0,0,29%,Belum Tervalidasi,29%,Belum Terverifikasi,46%,Tidak Lengkap,Merah,,
232,44185,Akademi Keperawatan Dharma Husada Cirebon,Kota Cirebon,Dewi Kurniasih,6,6,1,8,8,8,0,0,0,0,0,0,0,0,0,0,0,0,0,0,26%,Belum Tervalidasi,40%,Belum Terverifikasi,40%,Tidak Lengkap,Merah,,
233,44172,Akademi Keperawatan Yatna Yuana Lebak,Kabupaten Lebak,Supriyadi Sadikin,6,4,3,3,3,3,1,2,2,2,0,0,0,0,0,0,0,0,0,0,23%,Belum Tervalidasi,26%,Belum Terverifikasi,31%,Tidak Lengkap,Merah,,
234,44152,Akademi Keperawatan YPIB Majalengka,Kabupaten Majalengka,Dewi Kurniasih,6,0,0,8,0,0,2,3,0,0,4,4,4,0,1,1,1,6,3,3,11%,Belum Tervalidasi,11%,Belum Terverifikasi,69%,Tidak Lengkap,Merah,,
235,44124,Akademi Keuangan dan Bisnis Indonesia Internasional,Kota Bandung,Nandi Widarman S,0,0,0,0,0,0,0,0,0,0,0,0,0,0,0,0,0,0,0,0,0%,Tidak Ada,0%,Tidak Ada,0%,Tidak Ada,Merah,,
236,46004,Akademi Komunitas Insan Tazakka,Kabupaten Karawang,Supriyadi Sadikin,6,0,0,0,0,0,0,0,0,0,0,0,0,0,0,0,0,0,0,0,0%,Tidak Ada,0%,Tidak Ada,17%,Tidak Lengkap,Merah,,
237,46003,Akademi Komunitas Presiden,Kabupaten Bekasi,Supriyadi Sadikin,6,0,0,1,0,0,1,0,0,0,0,0,0,0,0,0,0,0,0,0,0%,Tidak Ada,0%,Tidak Ada,20%,Tidak Lengkap,Merah,,
238,44064,Akademi Manajemen Informatika Dan Komputer Garut,Kabupaten Garut,Yusep Ikrawan,6,0,0,0,0,0,0,0,0,0,0,0,0,0,0,0,0,0,0,0,0%,Tidak Ada,0%,Tidak Ada,17%,Tidak Lengkap,Merah,,
239,44060,Akademi Manajemen Informatika Dan Komputer Serang,Kota Serang,Yusep Ikrawan,6,1,1,3,3,3,0,0,0,0,0,0,0,0,0,0,0,0,0,0,11%,Belum Tervalidasi,11%,Belum Terverifikasi,26%,Tidak Lengkap,Merah,,
240,44110,Akademi Manajemen Informatika dan Komputer Wahana Mandiri,Kota Depok,Nanah Sujanah,6,0,0,0,0,0,0,0,0,0,0,0,0,0,0,0,0,0,0,0,0%,Tidak Ada,0%,Tidak Ada,17%,Tidak Lengkap,Merah,,
241,44089,Akademi Manajemen Informatika Dan Komputer YPAT,Kabupaten Purwakarta,Yusep Ikrawan,6,6,6,3,3,0,0,0,0,0,0,0,0,0,0,0,0,6,6,5,31%,Belum Tervalidasi,43%,Belum Terverifikasi,43%,Tidak Lengkap,Merah,,
242,44035,Akademi Maritim Suaka Bahari,Kabupaten Cirebon,Emma Hermawati Muhari,6,6,1,10,10,0,0,3,3,1,0,0,0,0,1,1,0,6,6,1,9%,Belum Tervalidasi,74%,Belum Terverifikasi,74%,Tidak Lengkap,Merah,,
243,44050,Akademi Pariwisata Bandung,Kota Bandung,Meita Lukitawati Sujatna,6,6,5,6,6,4,0,3,3,0,0,0,0,0,0,0,0,0,0,0,26%,Belum Tervalidasi,43%,Belum Terverifikasi,43%,Tidak Lengkap,Merah,,
244,44107,Akademi Pariwisata Citra Buana Indonesia,Kabupaten Sukabumi,Nanah Sujanah,6,2,0,4,0,0,0,2,0,0,1,1,0,0,3,0,0,0,0,0,0%,Tidak Ada,6%,Belum Terverifikasi,43%,Tidak Lengkap,Merah,,
245,44203,Akademi Pariwisata Nusantara Tangerang,Kota Tangerang Selatan,Nanah Sujanah,6,3,3,3,3,3,0,0,0,0,0,0,0,0,0,0,0,0,0,0,17%,Belum Tervalidasi,17%,Belum Terverifikasi,26%,Tidak Lengkap,Merah,,
246,44065,Akademi Pariwisata Siliwangi,Kota Tasikmalaya,Nanah Sujanah,6,6,1,10,10,0,0,3,3,0,4,4,0,0,10,10,0,6,6,0,3%,Belum Tervalidasi,100%,Sudah Terverifikasi,100%,Sudah Unggah,Merah,,
247,44243,Akademi Pariwisata Tunas Nusantara Mandiri,Kota Tangerang,Nanah Sujanah,6,0,0,0,0,0,0,0,0,0,0,0,0,0,0,0,0,0,0,0,0%,Tidak Ada,0%,Tidak Ada,17%,Tidak Lengkap,Merah,,
248,44056,Akademi Pariwisata Yasmi,Kota Cirebon,Meita Lukitawati Sujatna,6,6,0,0,0,0,0,0,0,0,0,0,0,0,0,0,0,6,6,0,0%,Tidak Ada,34%,Belum Terverifikasi,34%,Tidak Lengkap,Merah,,
249,44051,Akademi Perdagangan Bandung,Kota Bekasi,Nanah Sujanah,6,0,0,0,0,0,0,0,0,0,0,0,0,0,0,0,0,0,0,0,0%,Tidak Ada,0%,Tidak Ada,17%,Tidak Lengkap,Merah,,
250,44245,Akademi Perhotelan Tunas Indonesia,Kota Tangerang Selatan,Nanah Sujanah,6,0,0,0,0,0,0,0,0,0,0,0,0,0,0,0,0,0,0,0,0%,Tidak Ada,0%,Tidak Ada,17%,Tidak Lengkap,Merah,,
251,44176,Akademi Perpajakan Maria Mediatrix,Kabupaten Tangerang,Nan Rahminawati,6,0,0,0,0,0,0,0,0,0,0,0,0,0,0,0,0,0,0,0,0%,Tidak Ada,0%,Tidak Ada,17%,Tidak Lengkap,Merah,,
252,44235,Akademi Perpajakan Padang (AKAP) Bekasi,Kabupaten Bekasi,Meita Lukitawati Sujatna,6,0,0,0,0,0,0,0,0,0,0,0,0,0,0,0,0,0,0,0,0%,Tidak Ada,0%,Tidak Ada,17%,Tidak Lengkap,Merah,,
253,44187,Akademi Radiognostik Dan Radioterapi Yapenpernus,Kota Bekasi,Nan Rahminawati,6,0,0,0,0,0,0,0,0,0,0,0,0,0,0,0,0,0,0,0,0%,Tidak Ada,0%,Tidak Ada,17%,Tidak Lengkap,Merah,,
254,44098,Akademi Sekretari Dan Manajemen Insulindo,Kabupaten Bekasi,Nan Rahminawati,6,2,2,9,3,3,0,1,1,0,2,2,2,0,3,1,1,0,0,0,17%,Belum Tervalidasi,20%,Belum Terverifikasi,54%,Tidak Lengkap,Merah,,
255,44022,Akademi Sekretari Manajemen Taruna Bakti,Kota Bandung,Nan Rahminawati,6,3,3,9,0,0,5,3,2,2,4,0,0,0,3,3,3,6,0,0,23%,Belum Tervalidasi,23%,Belum Terverifikasi,77%,Tidak Lengkap,Merah,,
256,44069,Akademi Sekretari Triguna,Kota Bogor,Nan Rahminawati,6,0,0,0,0,0,0,0,0,0,0,0,0,0,0,0,0,0,0,0,0%,Tidak Ada,0%,Tidak Ada,17%,Tidak Lengkap,Merah,,
257,44092,Akademi Teknologi Aeronautika Siliwangi,Kota Bandung,Nan Rahminawati,6,0,0,10,0,0,1,0,0,0,0,0,0,0,0,0,0,0,0,0,0%,Tidak Ada,0%,Tidak Ada,46%,Tidak Lengkap,Merah,,
258,44074,Akademi Teknologi Bandung,Kota Bandung,Meita Lukitawati Sujatna,6,0,0,0,0,0,0,0,0,0,0,0,0,0,0,0,0,0,0,0,0%,Tidak Ada,0%,Tidak Ada,17%,Tidak Lengkap,Merah,,
259,44078,Akademi Teknologi Bogor,Kota Bogor,Lisye Fitria,6,1,1,0,0,0,0,3,1,1,0,0,0,0,0,0,0,0,0,0,6%,Belum Tervalidasi,6%,Belum Terverifikasi,26%,Tidak Lengkap,Merah,,
260,44249,Akademi Teknologi Radiologi,Kota Bogor,Meita Lukitawati Sujatna,6,0,0,0,0,0,0,0,0,0,0,0,0,0,0,0,0,0,0,0,0%,Tidak Ada,0%,Tidak Ada,17%,Tidak Lengkap,Merah,,
261,44105,Akademi Telekomunikasi Bogor,Kota Bogor,Lisye Fitria,6,6,1,0,0,0,0,3,2,2,0,0,0,0,0,0,0,0,0,0,9%,Belum Tervalidasi,23%,Belum Terverifikasi,26%,Tidak Lengkap,Merah,,
262,44126,Akademi Telekomunikasi Nusantara,Kota Bekasi,Lisye Fitria,6,0,0,0,0,0,0,0,0,0,0,0,0,0,0,0,0,0,0,0,0%,Tidak Ada,0%,Tidak Ada,17%,Tidak Lengkap,Merah,,
263,44045,AMIK Bumi Nusantara,Kabupaten Cirebon,Lisye Fitria,6,5,0,10,10,0,0,3,3,0,4,0,0,1,10,10,0,6,6,0,0%,Tidak Ada,97%,Belum Terverifikasi,100%,Sudah Unggah,Merah,,
264,44233,AMIK Mapan Tangerang,Kota Tangerang,Yusep Ikrawan,6,6,6,5,5,5,3,0,0,0,0,0,0,7,0,0,0,0,0,0,31%,Belum Tervalidasi,31%,Belum Terverifikasi,31%,Tidak Lengkap,Merah,,
265,44123,AMIK Pakarti Luhur,Kota Tangerang,Yusep Ikrawan,6,0,0,0,0,0,0,0,0,0,0,0,0,0,0,0,0,0,0,0,0%,Tidak Ada,0%,Tidak Ada,17%,Tidak Lengkap,Merah,,
266,44102,AMIK Purnama Niaga,Kabupaten Indramayu,Nanah Sujanah,6,4,4,10,10,10,0,3,0,0,3,0,0,0,3,0,0,6,0,0,40%,Belum Tervalidasi,40%,Belum Terverifikasi,80%,Tidak Lengkap,Merah,,
267,44068,AMIK Sultan Agung,Kota Bekasi,Meita Lukitawati Sujatna,6,6,0,0,0,0,0,0,0,0,0,0,0,0,0,0,0,0,0,0,0%,Tidak Ada,17%,Belum Terverifikasi,17%,Tidak Lengkap,Merah,,
268,41131,Deakin University,Kota Bandung,Nandi Widarman S,6,0,0,0,0,0,0,0,0,0,0,0,0,0,0,0,0,0,0,0,0%,Tidak Ada,0%,Tidak Ada,17%,Tidak Lengkap,Merah,,
269,42030,Institut Budi Utomo Nasional,Kabupaten Majalengka,Yusep Ikrawan,6,0,0,0,0,0,0,0,0,0,0,0,0,0,0,0,0,0,0,0,0%,Tidak Ada,0%,Tidak Ada,17%,Tidak Lengkap,Merah,,
270,42029,Institut Kesehatan dan Bisnis Annisa,Kabupaten Bogor,Nan Rahminawati,6,0,0,10,9,9,1,3,3,0,3,0,0,0,1,1,0,6,3,0,26%,Belum Tervalidasi,46%,Belum Terverifikasi,74%,Tidak Lengkap,Merah,,
271,42025,Institut Kesehatan Immanuel,Kota Bandung,Supriyadi Sadikin,6,6,6,5,0,0,7,3,0,0,4,0,0,0,5,0,0,6,0,0,17%,Belum Tervalidasi,17%,Belum Terverifikasi,71%,Tidak Lengkap,Merah,,
272,42011,Institut Manajemen Wiyata Indonesia,Kota Sukabumi,Nanah Sujanah,6,6,2,10,10,9,1,0,0,0,0,0,0,0,0,0,0,0,0,0,31%,Belum Tervalidasi,46%,Belum Terverifikasi,46%,Tidak Lengkap,Merah,,
273,42031,Institut Pangeran Dharma Kusuma,Kabupaten Indramayu,Nanah Sujanah,6,0,0,0,0,0,0,0,0,0,0,0,0,0,0,0,0,0,0,0,0%,Tidak Ada,0%,Tidak Ada,17%,Tidak Lengkap,Merah,,
274,42032,Institut Prima Bangsa,Kabupaten Cirebon,Lisye Fitria,6,0,0,0,0,0,0,0,0,0,0,0,0,0,0,0,0,0,0,0,0%,Tidak Ada,0%,Tidak Ada,17%,Tidak Lengkap,Merah,,
275,42018,Institut Teknologi dan Bisnis Bina Sarana Global,Kota Tangerang,Lisye Fitria,6,6,6,10,6,6,2,3,1,1,4,1,1,7,3,3,3,6,0,0,46%,Belum Tervalidasi,46%,Belum Terverifikasi,80%,Tidak Lengkap,Merah,,
276,42021,Institut Teknologi dan Bisnis Riyadlul Ulum,Kota Tasikmalaya,Supriyadi Sadikin,6,0,0,3,3,3,0,0,0,0,0,0,0,0,0,0,0,0,0,0,9%,Belum Tervalidasi,9%,Belum Terverifikasi,26%,Tidak Lengkap,Merah,,
277,42019,Institut Teknologi dan Bisnis Visi Nusantara Bogor,Kabupaten Bogor,Meita Lukitawati Sujatna,6,0,0,0,0,0,0,0,0,0,0,0,0,0,0,0,0,0,0,0,0%,Tidak Ada,0%,Tidak Ada,17%,Tidak Lengkap,Merah,,
278,41129,Lancaster University,Kota Bandung,Yusep Ikrawan,6,0,0,0,0,0,0,0,0,0,0,0,0,0,0,0,0,0,0,0,0%,Tidak Ada,0%,Tidak Ada,17%,Tidak Lengkap,Merah,,
279,41103,Monash University Indonesia,Kabupaten Tangerang,Nan Rahminawati,6,0,0,0,0,0,0,0,0,0,0,0,0,0,0,0,0,0,0,0,0%,Tidak Ada,0%,Tidak Ada,17%,Tidak Lengkap,Merah,,
280,45022,Politeknik Agroindustri,Kabupaten Subang,Emma Hermawati Muhari,6,6,1,9,9,0,0,3,3,3,4,3,0,0,7,7,0,6,0,0,11%,Belum Tervalidasi,71%,Belum Terverifikasi,89%,Tidak Lengkap,Merah,,
281,45050,Politeknik Bhakti Kartini,Kota Bekasi,Emma Hermawati Muhari,6,2,1,10,10,9,0,0,0,0,0,0,0,0,0,0,0,0,0,0,29%,Belum Tervalidasi,34%,Belum Terverifikasi,46%,Tidak Lengkap,Merah,,
282,45004,Politeknik Bina Budaya Cipta,Kota Sukabumi,Emma Hermawati Muhari,6,5,5,10,10,10,0,3,3,2,4,4,1,0,3,3,0,0,0,0,49%,Belum Tervalidasi,60%,Belum Terverifikasi,63%,Tidak Lengkap,Merah,,
283,45070,Politeknik Bisnis Digital Indonesia,Kabupaten Bogor,Emma Hermawati Muhari,6,4,4,10,7,7,2,0,0,0,0,0,0,0,0,0,0,0,0,0,31%,Belum Tervalidasi,31%,Belum Terverifikasi,46%,Tidak Lengkap,Merah,,
284,45056,Politeknik Digital Boash Indonesia,Kabupaten Bogor,Nandi Widarman S,6,6,6,9,9,9,8,3,3,3,1,1,1,0,5,5,5,6,6,6,83%,Belum Tervalidasi,83%,Belum Terverifikasi,83%,Tidak Lengkap,Hijau,,
285,45003,Politeknik Gajah Tunggal,Kabupaten Tangerang,Nandi Widarman S,6,1,0,10,0,0,0,2,0,0,0,0,0,0,8,0,0,0,0,0,0%,Tidak Ada,3%,Belum Terverifikasi,74%,Tidak Lengkap,Merah,,
286,45036,Politeknik Geologi Dan Pertambangan Agp,Kota Bandung,Nandi Widarman S,6,1,1,3,0,0,0,0,0,0,0,0,0,0,0,0,0,0,0,0,3%,Belum Tervalidasi,3%,Belum Terverifikasi,26%,Tidak Lengkap,Merah,,
287,45019,Politeknik Gunakarya Indonesia Bekasi,Kota Bekasi,Nandi Widarman S,6,0,0,0,0,0,0,0,0,0,0,0,0,0,0,0,0,0,0,0,0%,Tidak Ada,0%,Tidak Ada,17%,Tidak Lengkap,Merah,,
288,45061,Politeknik IDN Bogor,Kabupaten Bogor,Nandi Widarman S,6,6,0,10,7,0,0,0,0,0,0,0,0,0,0,0,0,0,0,0,0%,Tidak Ada,37%,Belum Terverifikasi,46%,Tidak Lengkap,Merah,,
289,45048,Politeknik Industri ATMI,Kabupaten Bekasi,Nandi Widarman S,6,6,6,10,0,0,0,3,3,3,1,0,0,2,9,9,0,6,6,1,29%,Belum Tervalidasi,69%,Belum Terverifikasi,97%,Tidak Lengkap,Merah,,
290,45066,Politeknik Istikom Bina Citra Informatika,Kabupaten Sukabumi,Nandi Widarman S,6,0,0,0,0,0,0,0,0,0,0,0,0,0,0,0,0,0,0,0,0%,Tidak Ada,0%,Tidak Ada,17%,Tidak Lengkap,Merah,,
291,45032,Politeknik Kelapa Sawit Citra Widya Edukasi,Kabupaten Bekasi,Nandi Widarman S,6,2,1,10,0,0,0,3,3,3,0,0,0,0,7,0,0,6,3,1,14%,Belum Tervalidasi,23%,Belum Terverifikasi,91%,Tidak Lengkap,Merah,,
292,45065,Politeknik Kepribadian,Kabupaten Bekasi,Nandi Widarman S,6,0,0,0,0,0,0,0,0,0,0,0,0,0,0,0,0,0,0,0,0%,Tidak Ada,0%,Tidak Ada,17%,Tidak Lengkap,Merah,,
293,45045,Politeknik Kesehatan Aisyiyah Banten,Kabupaten Serang,Nandi Widarman S,6,6,6,10,10,10,0,2,2,2,0,0,0,0,4,0,0,0,0,0,51%,Belum Tervalidasi,51%,Belum Terverifikasi,63%,Tidak Lengkap,Kuning,,
294,45057,Politeknik Kesehatan KMC Kuningan,Kabupaten Kuningan,Supriyadi Sadikin,6,0,0,0,0,0,0,0,0,0,0,0,0,0,0,0,0,0,0,0,0%,Tidak Ada,0%,Tidak Ada,17%,Tidak Lengkap,Merah,,
295,45006,Politeknik Krakatau,Kota Cilegon,Supriyadi Sadikin,6,3,2,8,0,0,0,3,3,3,1,0,0,0,8,0,0,6,0,0,14%,Belum Tervalidasi,17%,Belum Terverifikasi,89%,Tidak Lengkap,Merah,,
296,45069,Politeknik Mardira Indonesia,Kabupaten Majalengka,Supriyadi Sadikin,6,0,0,10,0,0,0,0,0,0,1,0,0,0,0,0,0,0,0,0,0%,Tidak Ada,0%,Tidak Ada,46%,Tidak Lengkap,Merah,,
297,45060,Politeknik Maritim Eka Utama Subang,Kabupaten Subang,Emma Hermawati Muhari,6,6,0,10,0,0,0,3,3,2,4,4,0,0,5,5,0,6,5,0,6%,Belum Tervalidasi,54%,Belum Terverifikasi,86%,Tidak Lengkap,Merah,,
298,45062,Politeknik Merdeka Belajar Indonesia,Kabupaten Sumedang,Supriyadi Sadikin,6,0,0,3,0,0,0,0,0,0,0,0,0,0,0,0,0,0,0,0,0%,Tidak Ada,0%,Tidak Ada,26%,Tidak Lengkap,Merah,,
299,45002,Politeknik Pajajaran Insan Cinta Bangsa Bandung,Kota Bandung,Emma Hermawati Muhari,6,6,6,5,5,0,0,3,2,1,1,1,1,0,4,4,0,6,0,0,20%,Belum Tervalidasi,49%,Belum Terverifikasi,69%,Tidak Lengkap,Merah,,
300,45023,Politeknik Perdana Mandiri,Kabupaten Purwakarta,Supriyadi Sadikin,6,6,0,5,5,0,4,0,0,0,1,1,0,1,0,0,0,0,0,0,0%,Tidak Ada,31%,Belum Terverifikasi,31%,Tidak Lengkap,Merah,,
301,45028,Politeknik PGRI Banten,Kabupaten Serang,Supriyadi Sadikin,6,3,3,6,6,6,1,1,0,0,1,0,0,0,0,0,0,1,1,0,26%,Belum Tervalidasi,29%,Belum Terverifikasi,40%,Tidak Lengkap,Merah,,
302,45018,Politeknik Praktisi Bandung,Kota Bandung,Emma Hermawati Muhari,6,6,4,10,10,6,0,0,0,0,0,0,0,0,0,0,0,0,0,0,29%,Belum Tervalidasi,46%,Belum Terverifikasi,46%,Tidak Lengkap,Merah,,
303,45071,Politeknik Prasetiya Mandiri,Kota Bogor,Lisye Fitria,6,0,0,0,0,0,0,0,0,0,0,0,0,0,0,0,0,0,0,0,0%,Tidak Ada,0%,Tidak Ada,17%,Tidak Lengkap,Merah,,
304,45047,Politeknik Sains Seni Rekakreasi,Kabupaten Bogor,Supriyadi Sadikin,6,6,5,10,10,0,3,0,0,0,1,1,1,1,0,0,0,0,0,0,14%,Belum Tervalidasi,46%,Belum Terverifikasi,46%,Tidak Lengkap,Merah,,
305,45067,Politeknik Siber Cerdika Internasional,Kabupaten Cirebon,Supriyadi Sadikin,6,0,0,10,0,0,2,3,0,0,0,0,0,0,0,0,0,0,0,0,0%,Tidak Ada,0%,Tidak Ada,54%,Tidak Lengkap,Merah,,
306,45020,Politeknik Sukabumi,Kota Sukabumi,Supriyadi Sadikin,6,6,6,0,0,0,0,3,0,0,0,0,0,0,0,0,0,6,0,0,17%,Belum Tervalidasi,17%,Belum Terverifikasi,43%,Tidak Lengkap,Merah,,
307,45058,Politeknik Takumi,Kabupaten Bekasi,Emma Hermawati Muhari,6,5,5,10,10,10,3,3,3,3,4,0,0,1,6,6,6,6,3,3,77%,Belum Tervalidasi,77%,Belum Terverifikasi,89%,Tidak Lengkap,Kuning,,
308,45068,Politeknik Yusuf Mansur,Kota Tangerang,Emma Hermawati Muhari,6,1,1,10,0,0,0,0,0,0,0,0,0,0,0,0,0,0,0,0,3%,Belum Tervalidasi,3%,Belum Terverifikasi,46%,Tidak Lengkap,Merah,,
309,45063,Politeknik Zanjabila Banten,Kota Serang,Emma Hermawati Muhari,6,6,0,7,7,0,0,0,0,0,1,0,0,0,0,0,0,0,0,0,0%,Tidak Ada,37%,Belum Terverifikasi,37%,Tidak Lengkap,Merah,,
310,45029,Politenik Kesehatan Yapkesbi Sukabumi,Kota Sukabumi,Emma Hermawati Muhari,6,6,6,6,4,0,14,3,3,2,3,0,0,0,2,2,0,6,6,0,23%,Belum Tervalidasi,60%,Belum Terverifikasi,66%,Tidak Lengkap,Merah,,
311,43317,Sekolah Tinggi Analis Bakti Asih,Kabupaten Bandung,Nanah Sujanah,6,2,2,10,2,2,1,3,3,3,0,0,0,0,0,0,0,0,0,0,20%,Belum Tervalidasi,20%,Belum Terverifikasi,54%,Tidak Lengkap,Merah,,
312,43259,Sekolah Tinggi Analis Kimia Cilegon,Kota Cilegon,Nanah Sujanah,6,0,0,6,5,5,1,3,0,0,3,1,1,0,6,0,0,6,1,1,17%,Belum Tervalidasi,17%,Belum Terverifikasi,77%,Tidak Lengkap,Merah,,
313,43272,Sekolah Tinggi Bahasa Asing Bina Dinamika Cianjur,Kabupaten Cianjur,Meita Lukitawati Sujatna,6,0,0,0,0,0,0,0,0,0,0,0,0,0,0,0,0,0,0,0,0%,Tidak Ada,0%,Tidak Ada,17%,Tidak Lengkap,Merah,,
314,43246,Sekolah Tinggi Bahasa Asing Cipto Hadi Pranoto,Kota Bekasi,Meita Lukitawati Sujatna,6,6,6,9,8,5,17,0,0,0,0,0,0,0,0,0,0,0,0,0,31%,Belum Tervalidasi,40%,Belum Terverifikasi,43%,Tidak Lengkap,Merah,,
315,43312,Sekolah Tinggi Bahasa Asing IEC Bekasi,Kota Bekasi,Meita Lukitawati Sujatna,0,0,1,0,0,10,0,0,0,0,0,0,0,0,0,0,0,0,0,0,31%,Belum Tervalidasi,0%,Tidak Ada,0%,Tidak Ada,Merah,,
316,43355,Sekolah Tinggi Farmasi Muhammadiyah Cirebon,Kabupaten Cirebon,Meita Lukitawati Sujatna,6,0,0,6,6,6,1,3,0,0,4,0,0,0,9,0,0,6,0,0,17%,Belum Tervalidasi,17%,Belum Terverifikasi,86%,Tidak Lengkap,Merah,,
317,43001,Sekolah Tinggi Hukum Bandung,Kota Bandung,Nan Rahminawati,6,6,6,10,10,10,0,3,1,1,4,0,0,0,8,0,0,6,0,0,49%,Belum Tervalidasi,49%,Belum Terverifikasi,94%,Tidak Lengkap,Merah,,
318,43002,Sekolah Tinggi Hukum Galunggung,Kota Tasikmalaya,Nan Rahminawati,6,1,1,10,0,0,2,3,0,0,4,0,0,0,10,0,0,6,0,0,3%,Belum Tervalidasi,3%,Belum Terverifikasi,100%,Sudah Unggah,Merah,,
319,43029,Sekolah Tinggi Hukum Garut,Kabupaten Garut,Nan Rahminawati,6,6,6,3,3,3,0,3,3,1,0,0,0,0,0,0,0,0,0,0,29%,Belum Tervalidasi,34%,Belum Terverifikasi,34%,Tidak Lengkap,Merah,,
320,43042,Sekolah Tinggi Ilmu Administrasi Bagasasi,Kota Bandung,Nan Rahminawati,0,0,6,0,0,10,0,0,0,0,0,0,0,0,0,0,0,0,0,0,46%,Belum Tervalidasi,0%,Tidak Ada,0%,Tidak Ada,Merah,,
321,43215,Sekolah Tinggi Ilmu Administrasi Banten,Kabupaten Pandeglang,Nandi Widarman S,6,0,0,10,0,0,3,3,0,0,4,0,0,0,10,0,0,6,0,0,0%,Tidak Ada,0%,Tidak Ada,100%,Sudah Unggah,Merah,,
322,43255,Sekolah Tinggi Ilmu Administrasi Cimahi,Kota Cimahi,Nandi Widarman S,6,0,0,0,0,0,0,0,0,0,0,0,0,0,0,0,0,0,0,0,0%,Tidak Ada,0%,Tidak Ada,17%,Tidak Lengkap,Merah,,
323,43010,Sekolah Tinggi Ilmu Administrasi Maulana Yusuf Banten,Kota Serang,Nandi Widarman S,6,6,1,3,3,0,0,0,0,0,0,0,0,0,0,0,0,0,0,0,3%,Belum Tervalidasi,26%,Belum Terverifikasi,26%,Tidak Lengkap,Merah,,
324,43033,Sekolah Tinggi Ilmu Administrasi Menara Siswa,Kabupaten Bogor,Lisye Fitria,6,6,6,10,10,6,0,3,3,0,4,0,0,0,1,1,0,6,6,0,34%,Belum Tervalidasi,74%,Belum Terverifikasi,74%,Tidak Lengkap,Merah,,
325,43214,Sekolah Tinggi Ilmu Administrasi Sandikta,Kota Bekasi,Nandi Widarman S,6,5,5,0,0,0,0,0,0,0,0,0,0,0,0,0,0,1,1,0,14%,Belum Tervalidasi,17%,Belum Terverifikasi,20%,Tidak Lengkap,Merah,,
326,43014,Sekolah Tinggi Ilmu Administrasi YPPT Tasikmalaya,#N/A,Nan Rahminawati,6,6,6,10,10,10,29,3,3,3,0,0,0,0,3,3,0,6,0,0,54%,Belum Tervalidasi,63%,Belum Terverifikasi,80%,Tidak Lengkap,Kuning,,
327,43391,Sekolah Tinggi Ilmu Ekonomi Arlindo,Kota Bekasi,Emma Hermawati Muhari,6,6,4,10,10,3,1,0,0,0,0,0,0,0,0,0,0,0,0,0,20%,Belum Tervalidasi,46%,Belum Terverifikasi,46%,Tidak Lengkap,Merah,,
328,43236,Sekolah Tinggi Ilmu Ekonomi Budi Pertiwi,Kabupaten Karawang,Nandi Widarman S,6,2,2,0,0,0,0,0,0,0,0,0,0,0,0,0,0,0,0,0,6%,Belum Tervalidasi,6%,Belum Terverifikasi,17%,Tidak Lengkap,Merah,,
329,43094,Sekolah Tinggi Ilmu Ekonomi Cirebon,Kabupaten Cirebon,Nandi Widarman S,6,6,6,8,6,6,5,3,2,0,3,0,0,0,1,1,0,6,4,4,46%,Belum Tervalidasi,54%,Belum Terverifikasi,69%,Tidak Lengkap,Merah,,
330,43171,Sekolah Tinggi Ilmu Ekonomi Dewantara,Kabupaten Bogor,Nan Rahminawati,6,0,0,7,7,0,0,3,0,0,1,1,1,0,1,0,0,1,1,0,0%,Tidak Ada,23%,Belum Terverifikasi,51%,Tidak Lengkap,Merah,,
331,43384,Sekolah Tinggi Ilmu Ekonomi Dharma Agung Indonesia,Kabupaten Bekasi,Nandi Widarman S,6,2,2,7,0,0,1,0,0,0,0,0,0,0,0,0,0,0,0,0,6%,Belum Tervalidasi,6%,Belum Terverifikasi,37%,Tidak Lengkap,Merah,,
332,43316,Sekolah Tinggi Ilmu Ekonomi Dwimulya,Kota Serang,Nandi Widarman S,6,0,0,10,6,6,3,0,0,0,0,0,0,0,0,0,0,0,0,0,17%,Belum Tervalidasi,17%,Belum Terverifikasi,46%,Tidak Lengkap,Merah,,
333,43127,Sekolah Tinggi Ilmu Ekonomi Fajar,Kota Depok,Nandi Widarman S,6,0,0,0,0,0,0,0,0,0,0,0,0,0,0,0,0,0,0,0,0%,Tidak Ada,0%,Tidak Ada,17%,Tidak Lengkap,Merah,,
334,43273,Sekolah Tinggi Ilmu Ekonomi Gici,Kota Depok,Dewi Kurniasih,0,0,0,0,0,0,0,0,0,0,0,0,0,0,0,0,0,0,0,0,0%,Tidak Ada,0%,Tidak Ada,0%,Tidak Ada,Merah,,
335,43310,Sekolah Tinggi Ilmu Ekonomi Hidayatullah Depok,Kota Depok,Nandi Widarman S,6,3,3,10,4,4,1,3,0,0,2,0,0,0,3,0,0,6,0,0,20%,Belum Tervalidasi,20%,Belum Terverifikasi,80%,Tidak Lengkap,Merah,,
336,43176,Sekolah Tinggi Ilmu Ekonomi Kalpataru,Kota Bogor,Nandi Widarman S,6,0,0,6,0,0,0,0,0,0,0,0,0,0,0,0,0,0,0,0,0%,Tidak Ada,0%,Tidak Ada,34%,Tidak Lengkap,Merah,,
337,43170,Sekolah Tinggi Ilmu Ekonomi Latifah Mubarokiyah,Kabupaten Tasikmalaya,Nan Rahminawati,6,3,3,10,3,3,3,3,2,2,4,4,3,1,10,10,10,6,6,0,51%,Belum Tervalidasi,69%,Belum Terverifikasi,100%,Sudah Unggah,Kuning,,
338,43379,Sekolah Tinggi Ilmu Ekonomi Manajemen Bisnis Indonesia,Kota Depok,Nanah Sujanah,6,5,5,9,9,9,0,2,2,2,0,0,0,0,1,0,0,0,0,0,46%,Belum Tervalidasi,46%,Belum Terverifikasi,51%,Tidak Lengkap,Merah,,
339,43149,Sekolah Tinggi Ilmu Ekonomi Pandu Madania,Kabupaten Bogor,Supriyadi Sadikin,0,0,0,0,0,0,0,0,0,0,0,0,0,0,0,0,0,0,0,0,0%,Tidak Ada,0%,Tidak Ada,0%,Tidak Ada,Merah,,
340,43195,Sekolah Tinggi Ilmu Ekonomi Paripurna,Kota Tangerang Selatan,Nan Rahminawati,6,6,4,10,10,6,2,0,0,0,0,0,0,0,0,0,0,0,0,0,29%,Belum Tervalidasi,46%,Belum Terverifikasi,46%,Tidak Lengkap,Merah,,
341,43056,Sekolah Tinggi Ilmu Ekonomi Pariwisata YAPARI,Kota Bandung,Nan Rahminawati,6,2,2,8,8,0,0,3,0,0,1,0,0,0,9,1,0,6,0,0,6%,Belum Tervalidasi,31%,Belum Terverifikasi,91%,Tidak Lengkap,Merah,,
342,43153,Sekolah Tinggi Ilmu Ekonomi Stan Im,Kota Bandung,Yusep Ikrawan,0,0,1,0,0,0,7,0,0,0,0,0,0,2,0,0,4,0,0,4,26%,Belum Tervalidasi,0%,Tidak Ada,0%,Tidak Ada,Merah,,
343,43119,Sekolah Tinggi Ilmu Ekonomi Sutaatmadja,Kabupaten Subang,Lisye Fitria,6,6,6,9,8,8,2,3,0,0,0,0,0,0,9,1,1,1,1,0,43%,Belum Tervalidasi,46%,Belum Terverifikasi,80%,Tidak Lengkap,Merah,,
344,43172,Sekolah Tinggi Ilmu Ekonomi Wibawa Karta Raharja,Kabupaten Purwakarta,Lisye Fitria,6,6,3,6,6,5,0,3,3,2,4,4,0,0,1,1,0,6,6,1,31%,Belum Tervalidasi,63%,Belum Terverifikasi,63%,Tidak Lengkap,Merah,,
345,48890,Sekolah Tinggi Ilmu Ekonomi Yayasan Pengembangan Bisnis Indonesia,Kabupaten Cianjur,Meita Lukitawati Sujatna,0,0,0,0,0,0,0,0,0,0,0,0,0,0,0,0,0,0,0,0,0%,Tidak Ada,0%,Tidak Ada,0%,Tidak Ada,Merah,,
346,43093,Sekolah Tinggi Ilmu Ekonomi YP-Karya,Kota Tangerang,Yusep Ikrawan,6,6,2,10,9,0,0,3,0,0,4,0,0,0,1,0,0,6,0,0,6%,Belum Tervalidasi,43%,Belum Terverifikasi,74%,Tidak Lengkap,Merah,,
347,43364,Sekolah Tinggi Ilmu Hukum dan Politik Pelopor Bangsa,Kota Depok,Yusep Ikrawan,6,6,6,7,7,7,1,0,0,0,0,0,0,0,0,0,0,0,0,0,37%,Belum Tervalidasi,37%,Belum Terverifikasi,37%,Tidak Lengkap,Merah,,
348,43247,Sekolah Tinggi Ilmu Hukum Dharma Andhiga,#N/A,Yusep Ikrawan,0,0,0,0,0,0,0,0,0,0,0,0,0,0,0,0,0,0,0,0,0%,Tidak Ada,0%,Tidak Ada,0%,Tidak Ada,Merah,,
349,43106,Sekolah Tinggi Ilmu Hukum Gunung Jati,Kota Tangerang,Yusep Ikrawan,6,6,6,0,0,0,0,0,0,0,0,0,0,0,0,0,0,0,0,0,17%,Belum Tervalidasi,17%,Belum Terverifikasi,17%,Tidak Lengkap,Merah,,
350,43329,Sekolah Tinggi Ilmu Hukum Painan,Kabupaten Tangerang,Meita Lukitawati Sujatna,6,4,4,10,0,0,0,1,0,0,0,0,0,0,10,0,0,0,0,0,11%,Belum Tervalidasi,11%,Belum Terverifikasi,77%,Tidak Lengkap,Merah,,
351,43387,Sekolah Tinggi Ilmu Kesehatan Aksari,Kabupaten Indramayu,Lisye Fitria,6,6,0,10,10,0,0,3,0,0,2,0,0,0,0,0,0,0,0,0,0%,Tidak Ada,46%,Belum Terverifikasi,54%,Tidak Lengkap,Merah,,
352,43188,Sekolah Tinggi Ilmu Kesehatan Bina Putera Banjar,Kota Banjar,Lisye Fitria,6,6,5,10,10,10,0,0,0,0,0,0,0,0,0,0,0,0,0,0,43%,Belum Tervalidasi,46%,Belum Terverifikasi,46%,Tidak Lengkap,Merah,,
353,43332,Sekolah Tinggi Ilmu Kesehatan Holistik,Kabupaten Purwakarta,Lisye Fitria,6,1,1,10,10,10,2,3,0,0,3,1,1,0,3,3,3,6,2,2,46%,Belum Tervalidasi,46%,Belum Terverifikasi,80%,Tidak Lengkap,Merah,,
354,43366,Sekolah Tinggi Ilmu Kesehatan Khas Kempek,Kabupaten Cirebon,Yusep Ikrawan,6,6,6,9,9,9,2,0,0,0,0,0,0,0,0,0,0,0,0,0,43%,Belum Tervalidasi,43%,Belum Terverifikasi,43%,Tidak Lengkap,Merah,,
355,43388,Sekolah Tinggi Ilmu Kesehatan Yayasan Lembaga Pendidikan Prada,Kabupaten Cirebon,Supriyadi Sadikin,6,5,5,10,10,10,0,0,0,0,0,0,0,0,0,0,0,0,0,0,43%,Belum Tervalidasi,43%,Belum Terverifikasi,46%,Tidak Lengkap,Merah,,
356,43383,Sekolah Tinggi Ilmu Kesehatan YPSDMI,Kabupaten Garut,Yusep Ikrawan,6,0,0,0,0,0,0,0,0,0,0,0,0,0,0,0,0,0,0,0,0%,Tidak Ada,0%,Tidak Ada,17%,Tidak Lengkap,Merah,,
357,43177,Sekolah Tinggi Ilmu Komputer Poltek Cirebon,Kota Cirebon,Dewi Kurniasih,6,0,0,6,6,6,0,3,3,3,3,3,3,0,10,1,0,6,0,0,26%,Belum Tervalidasi,29%,Belum Terverifikasi,89%,Tidak Lengkap,Merah,,
358,43045,Sekolah Tinggi Ilmu Komunikasi Bandung,Kota Bandung,Supriyadi Sadikin,0,0,3,0,0,3,15,0,0,0,0,0,0,0,0,0,0,0,0,0,17%,Belum Tervalidasi,0%,Tidak Ada,0%,Tidak Ada,Merah,,
359,43258,Sekolah Tinggi Ilmu Komunikasi Wangsa Jaya,Kota Serang,Supriyadi Sadikin,6,0,0,3,0,0,0,0,0,0,1,0,0,0,0,0,0,0,0,0,0%,Tidak Ada,0%,Tidak Ada,26%,Tidak Lengkap,Merah,,
360,43241,Sekolah Tinggi Ilmu Sosial Dan Ilmu Politik Bekasi,Kota Bekasi,Supriyadi Sadikin,6,0,0,0,0,0,0,0,0,0,0,0,0,0,0,0,0,0,0,0,0%,Tidak Ada,0%,Tidak Ada,17%,Tidak Lengkap,Merah,,
361,43182,Sekolah Tinggi Ilmu Teknik Bina Putra,Kota Banjar,Supriyadi Sadikin,6,0,0,0,0,0,0,0,0,0,0,0,0,0,0,0,0,0,0,0,0%,Tidak Ada,0%,Tidak Ada,17%,Tidak Lengkap,Merah,,
362,43346,Sekolah Tinggi Keguruan dan Ilmu Pendidikan Al-Amin Indramayu,Kabupaten Indramayu,Dewi Kurniasih,6,2,2,10,7,7,3,3,1,1,4,4,2,0,0,0,0,0,0,0,29%,Belum Tervalidasi,29%,Belum Terverifikasi,54%,Tidak Lengkap,Merah,,
363,43034,Sekolah Tinggi Keguruan dan Ilmu Pendidikan Pasundan,Kota Cimahi,Nanah Sujanah,6,3,3,6,3,3,5,1,1,1,3,1,1,0,0,0,0,0,0,0,20%,Belum Tervalidasi,20%,Belum Terverifikasi,37%,Tidak Lengkap,Merah,,
364,43186,Sekolah Tinggi Kesehatan Indonesia Wirautama,Kabupaten Bandung,Nanah Sujanah,6,0,0,10,0,0,1,3,0,0,4,0,0,21,7,0,0,6,6,6,17%,Belum Tervalidasi,17%,Belum Terverifikasi,91%,Tidak Lengkap,Merah,,
365,43392,Sekolah Tinggi Manajemen Informatika Komputer Tazkia,Kabupaten Bogor,Emma Hermawati Muhari,6,0,0,0,0,0,0,0,0,0,0,0,0,0,0,0,0,0,0,0,0%,Tidak Ada,0%,Tidak Ada,17%,Tidak Lengkap,Merah,,
366,43368,Sekolah Tinggi Pendidikan Holistik Berbasis Karakter,Kota Depok,Nanah Sujanah,6,1,1,7,3,3,0,3,0,0,1,0,0,3,1,0,0,6,0,0,11%,Belum Tervalidasi,11%,Belum Terverifikasi,66%,Tidak Lengkap,Merah,,
367,43187,Sekolah Tinggi Seni Musik Bandung,Kota Bandung,Meita Lukitawati Sujatna,6,6,6,10,10,10,0,3,3,3,4,0,0,1,3,3,3,6,6,2,69%,Belum Tervalidasi,80%,Belum Terverifikasi,80%,Tidak Lengkap,Kuning,,
368,43049,Sekolah Tinggi Teknologi Mineral Indonesia,Kota Bandung,Nanah Sujanah,6,0,0,0,0,0,0,0,0,0,0,0,0,0,0,0,0,0,0,0,0%,Tidak Ada,0%,Tidak Ada,17%,Tidak Lengkap,Merah,,
369,43331,Sekolah Tinggi Teknologi Terpadu Nurul Fikri,Kota Depok,Nandi Widarman S,6,6,6,9,9,9,1,3,3,1,4,3,3,0,9,0,0,6,0,0,46%,Belum Tervalidasi,51%,Belum Terverifikasi,94%,Tidak Lengkap,Merah,,
370,43107,Sekolah Tinggi Teknologi Texmaco,Kabupaten Subang,Nandi Widarman S,6,6,6,3,3,3,0,3,3,3,1,1,1,0,3,3,3,6,1,1,46%,Belum Tervalidasi,46%,Belum Terverifikasi,60%,Tidak Lengkap,Merah,,
371,43318,STIEB Perdana Mandiri,Kabupaten Purwakarta,Nan Rahminawati,6,6,6,8,8,8,3,3,1,1,3,0,0,2,3,0,0,6,1,1,46%,Belum Tervalidasi,46%,Belum Terverifikasi,74%,Tidak Lengkap,Merah,,
372,43347,STIKES An Nasher Cirebon,Kabupaten Cirebon,Lisye Fitria,6,6,3,10,3,3,3,3,0,0,0,0,0,1,1,0,0,3,0,0,17%,Belum Tervalidasi,26%,Belum Terverifikasi,66%,Tidak Lengkap,Merah,,
373,43292,STIKES Faathir Husada,Kabupaten Tangerang,Yusep Ikrawan,6,2,1,0,0,0,0,0,0,0,0,0,0,0,0,0,0,0,0,0,3%,Belum Tervalidasi,6%,Belum Terverifikasi,17%,Tidak Lengkap,Merah,,
374,43298,STIKES Karsa Husada Garut,Kabupaten Garut,Lisye Fitria,6,6,0,4,4,4,0,3,3,3,2,2,1,1,4,4,0,6,1,1,23%,Belum Tervalidasi,51%,Belum Terverifikasi,66%,Tidak Lengkap,Merah,,
375,43277,STIKES Muhammadiyah Ciamis,Kabupaten Ciamis,Dewi Kurniasih,6,6,6,10,10,10,2,3,3,3,4,1,1,1,7,2,2,6,6,6,77%,Belum Tervalidasi,77%,Belum Terverifikasi,91%,Tidak Lengkap,Kuning,,
376,43270,STIKES Wijaya Husada Bogor,Kota Bogor,Yusep Ikrawan,6,0,0,10,0,0,3,3,0,0,3,0,0,0,3,0,0,6,0,0,0%,Tidak Ada,0%,Tidak Ada,80%,Tidak Lengkap,Merah,,
377,43239,STISIP Banten Raya,Kabupaten Pandeglang,Supriyadi Sadikin,6,6,6,6,3,3,0,3,3,3,2,0,0,0,3,0,0,6,0,0,34%,Belum Tervalidasi,34%,Belum Terverifikasi,69%,Tidak Lengkap,Merah,,
378,43183,STISIP Bina Putera Banjar,Kota Banjar,Meita Lukitawati Sujatna,6,6,6,10,10,10,8,3,3,0,1,0,0,0,1,1,1,0,0,0,49%,Belum Tervalidasi,57%,Belum Terverifikasi,57%,Tidak Lengkap,Merah,,
379,43327,STISIP Guna Nusantara,Kabupaten Cianjur,Supriyadi Sadikin,6,0,0,1,0,0,0,0,0,0,0,0,0,0,0,0,0,0,0,0,0%,Tidak Ada,0%,Tidak Ada,20%,Tidak Lengkap,Merah,,
380,43367,STISIP Samudera Indonesia Selatan,Kabupaten Garut,Supriyadi Sadikin,6,0,0,4,0,0,0,0,0,0,0,0,0,0,2,0,0,0,0,0,0%,Tidak Ada,0%,Tidak Ada,34%,Tidak Lengkap,Merah,,
381,43148,STISIP Syamsul Ulum,Kota Sukabumi,Supriyadi Sadikin,6,1,1,0,0,0,0,0,0,0,0,0,0,0,0,0,0,0,0,0,3%,Belum Tervalidasi,3%,Belum Terverifikasi,17%,Tidak Lengkap,Merah,,
382,43110,STISIP Tasikmalaya,Kota Tasikmalaya,Dewi Kurniasih,6,6,6,3,3,3,0,0,0,0,0,0,0,0,0,0,0,6,6,6,43%,Belum Tervalidasi,43%,Belum Terverifikasi,43%,Tidak Lengkap,Merah,,
383,43111,STKIP Arrahmaniyah,Kota Depok,Nandi Widarman S,6,6,4,6,6,6,0,3,0,0,0,0,0,0,1,0,0,0,0,0,29%,Belum Tervalidasi,34%,Belum Terverifikasi,46%,Tidak Lengkap,Merah,,
384,43350,STKIP Babunnajah Pandeglang,Kabupaten Pandeglang,Supriyadi Sadikin,6,0,0,0,0,0,0,0,0,0,0,0,0,0,0,0,0,0,0,0,0%,Tidak Ada,0%,Tidak Ada,17%,Tidak Lengkap,Merah,,
385,43334,STKIP Nahdlatul Ulama Indramayu,Kabupaten Indramayu,Supriyadi Sadikin,6,6,1,7,7,0,0,3,0,0,3,0,0,0,3,0,0,6,0,0,3%,Belum Tervalidasi,37%,Belum Terverifikasi,71%,Tidak Lengkap,Merah,,
386,43335,STKIP Purwakarta,Kabupaten Purwakarta,Nandi Widarman S,6,0,0,10,0,0,7,3,0,0,3,0,0,0,6,0,0,6,0,0,0%,Tidak Ada,0%,Tidak Ada,89%,Tidak Lengkap,Merah,,
387,43339,STKIP Situs Banten di Serang,Kota Serang,Emma Hermawati Muhari,6,6,1,8,8,8,0,3,3,1,0,0,0,0,1,1,1,0,0,0,31%,Belum Tervalidasi,51%,Belum Terverifikasi,51%,Tidak Lengkap,Merah,,
388,43321,STKIP Surya,Kota Tangerang,Emma Hermawati Muhari,6,0,0,10,3,3,1,0,0,0,0,0,0,0,0,0,0,0,0,0,9%,Belum Tervalidasi,9%,Belum Terverifikasi,46%,Tidak Lengkap,Merah,,
389,43344,STKIP Syekh Manshur,Kabupaten Pandeglang,Nanah Sujanah,6,5,5,8,0,0,0,3,0,0,4,0,0,0,9,0,0,6,0,0,14%,Belum Tervalidasi,14%,Belum Terverifikasi,91%,Tidak Lengkap,Merah,,
390,43140,STKIP Yasika,Kabupaten Majalengka,Nanah Sujanah,6,3,3,3,3,3,3,3,0,0,1,1,1,2,1,0,0,6,0,0,17%,Belum Tervalidasi,17%,Belum Terverifikasi,54%,Tidak Lengkap,Merah,,
391,43311,STMIK Antar Bangsa,Kota Tangerang,Dewi Kurniasih,6,4,4,10,8,8,1,3,2,2,1,0,0,0,1,0,0,0,0,0,40%,Belum Tervalidasi,40%,Belum Terverifikasi,57%,Tidak Lengkap,Merah,,
392,43121,STMIK Cilegon,Kota Cilegon,Dewi Kurniasih,6,0,0,0,0,0,0,0,0,0,0,0,0,0,0,0,0,0,0,0,0%,Tidak Ada,0%,Tidak Ada,17%,Tidak Lengkap,Merah,,
393,43118,STMIK DCI,Kota Tasikmalaya,Emma Hermawati Muhari,6,6,6,10,10,3,0,0,0,0,0,0,0,0,0,0,0,0,0,0,26%,Belum Tervalidasi,46%,Belum Terverifikasi,46%,Tidak Lengkap,Merah,,
394,43268,STMIK Dharma Negara,Kota Bandung,Emma Hermawati Muhari,6,6,0,10,10,0,0,0,0,0,0,0,0,0,0,0,0,0,0,0,0%,Tidak Ada,46%,Belum Terverifikasi,46%,Tidak Lengkap,Merah,,
395,43198,STMIK Ganesha Bandung,Kota Bandung,Dewi Kurniasih,6,4,0,10,10,10,0,0,0,0,0,0,0,0,0,0,0,0,0,0,29%,Belum Tervalidasi,40%,Belum Terverifikasi,46%,Tidak Lengkap,Merah,,
396,43073,STMIK IM,Kota Bandung,Meita Lukitawati Sujatna,0,0,0,0,0,0,8,0,0,0,0,0,0,0,0,0,0,0,0,0,0%,Tidak Ada,0%,Tidak Ada,0%,Tidak Ada,Merah,,
397,43086,STMIK Jabar,Kota Bandung,Nanah Sujanah,6,1,1,10,8,8,4,0,0,0,0,0,0,0,0,0,0,0,0,0,26%,Belum Tervalidasi,26%,Belum Terverifikasi,46%,Tidak Lengkap,Merah,,
398,43071,STMIK Likmi,Kota Bandung,Emma Hermawati Muhari,6,6,6,10,10,10,1,3,3,3,3,3,3,0,1,1,1,6,5,5,71%,Belum Tervalidasi,71%,Belum Terverifikasi,74%,Tidak Lengkap,Kuning,,
399,43251,STMIK Masa Depan,Kota Tangerang,Meita Lukitawati Sujatna,6,0,0,10,0,0,3,3,0,0,0,0,0,11,0,0,0,0,0,0,0%,Tidak Ada,0%,Tidak Ada,54%,Tidak Lengkap,Merah,,
400,43238,STMIK MIC Cikarang,#N/A,Nandi Widarman S,0,0,0,0,0,7,3,0,0,0,0,0,0,0,0,0,0,0,0,0,20%,Belum Tervalidasi,0%,Tidak Ada,0%,Tidak Ada,Merah,,
401,43144,STMIK Pamitran,Kabupaten Karawang,Nanah Sujanah,6,6,1,10,10,8,0,3,3,2,3,3,0,0,6,6,0,6,6,0,31%,Belum Tervalidasi,89%,Belum Terverifikasi,89%,Tidak Lengkap,Merah,,
402,43242,STMIK PGRI Tangerang,Kota Tangerang,Emma Hermawati Muhari,6,6,6,10,10,10,0,3,3,3,4,4,0,0,1,1,1,6,5,5,71%,Belum Tervalidasi,71%,Belum Terverifikasi,74%,Tidak Lengkap,Kuning,,
403,43109,STMIK Pranata Indonesia,Kota Bekasi,Meita Lukitawati Sujatna,6,6,6,3,3,3,0,0,0,0,0,0,0,1,0,0,0,0,0,0,26%,Belum Tervalidasi,26%,Belum Terverifikasi,26%,Tidak Lengkap,Merah,,
404,43291,STMIK WIT Cirebon,Kota Cirebon,Nan Rahminawati,6,6,6,4,4,4,0,0,0,0,0,0,0,0,0,0,0,0,0,0,29%,Belum Tervalidasi,29%,Belum Terverifikasi,29%,Tidak Lengkap,Merah,,
405,41010,Universitas 17 Agustus 1945 Cirebon,Kota Cirebon,Yusep Ikrawan,6,4,4,3,3,3,3,3,3,3,0,0,0,0,0,0,0,0,0,0,29%,Belum Tervalidasi,29%,Belum Terverifikasi,34%,Tidak Lengkap,Merah,,
406,41092,Universitas Al-Khairiyah,Kota Cilegon,Nandi Widarman S,6,6,6,6,6,6,0,0,0,0,0,0,0,0,1,1,0,0,0,0,34%,Belum Tervalidasi,37%,Belum Terverifikasi,37%,Tidak Lengkap,Merah,,
407,41048,Universitas Bale Bandung,Kabupaten Bandung,Nandi Widarman S,6,6,5,8,8,1,9,3,3,3,1,0,0,0,1,1,0,6,0,0,26%,Belum Tervalidasi,51%,Belum Terverifikasi,69%,Tidak Lengkap,Merah,,
408,41128,Universitas Bandung,Kota Bandung,Nanah Sujanah,0,0,0,0,0,0,0,0,0,0,0,0,0,0,0,0,0,0,0,0,0%,Tidak Ada,0%,Tidak Ada,0%,Tidak Ada,Merah,,
409,41119,Universitas Bani Saleh,Kota Bekasi,Lisye Fitria,6,6,6,6,6,6,0,3,3,1,4,4,2,0,3,3,0,6,6,0,37%,Belum Tervalidasi,69%,Belum Terverifikasi,69%,Tidak Lengkap,Merah,,
410,41109,Universitas Banten,Kota Serang,Yusep Ikrawan,6,0,0,10,0,0,0,0,0,0,0,0,0,0,0,0,0,0,0,0,0%,Tidak Ada,0%,Tidak Ada,46%,Tidak Lengkap,Merah,,
411,41114,Universitas Bestari,Kota Serang,Supriyadi Sadikin,6,6,2,0,0,0,0,0,0,0,0,0,0,0,0,0,0,0,0,0,6%,Belum Tervalidasi,17%,Belum Terverifikasi,17%,Tidak Lengkap,Merah,,
412,041500,Universitas Bhakti Asih Tangerang,#N/A,Nanah Sujanah,0,0,0,0,0,0,0,0,0,0,0,0,0,0,0,0,0,0,0,0,0%,Tidak Ada,0%,Tidak Ada,0%,Tidak Ada,Merah,,
413,41065,Universitas Bina Bangsa,Kota Serang,Nandi Widarman S,6,6,2,10,10,6,2,0,0,0,0,0,0,0,0,0,0,0,0,0,23%,Belum Tervalidasi,46%,Belum Terverifikasi,46%,Tidak Lengkap,Merah,,
414,41127,Universitas Horizon Indonesia,Kabupaten Karawang,Dewi Kurniasih,6,0,0,10,0,0,0,3,0,0,1,0,0,0,9,0,0,6,0,0,0%,Tidak Ada,0%,Tidak Ada,97%,Tidak Lengkap,Merah,,
415,41112,Universitas Ichsan Satya,Kota Tangerang Selatan,Lisye Fitria,6,0,0,0,0,0,0,0,0,0,0,0,0,0,0,0,0,0,0,0,0%,Tidak Ada,0%,Tidak Ada,17%,Tidak Lengkap,Merah,,
416,41059,Universitas Islam Al-Ihya Kuningan,Kabupaten Kuningan,Lisye Fitria,6,0,0,9,4,4,0,2,0,0,0,0,0,0,0,0,0,0,0,0,11%,Belum Tervalidasi,11%,Belum Terverifikasi,49%,Tidak Lengkap,Merah,,
417,041501,Universitas Islam Dr Khez Muttaqien,#N/A,Supriyadi Sadikin,0,0,0,0,0,0,0,0,0,0,0,0,0,0,0,0,0,0,0,0,0%,Tidak Ada,0%,Tidak Ada,0%,Tidak Ada,Merah,,
418,41076,Universitas Kartamulia Purwakarta,Kabupaten Purwakarta,Nanah Sujanah,6,6,4,0,0,0,0,0,0,0,0,0,0,0,0,0,0,0,0,0,11%,Belum Tervalidasi,17%,Belum Terverifikasi,17%,Tidak Lengkap,Merah,,
419,41096,Universitas Kebangsaan Republik Indonesia,Kota Bandung,Lisye Fitria,6,6,6,10,10,10,9,3,3,3,3,3,2,0,1,1,1,6,6,6,74%,Belum Tervalidasi,74%,Belum Terverifikasi,74%,Tidak Lengkap,Kuning,,
420,41117,Universitas La Tansa Mashiro,Kabupaten Lebak,Nanah Sujanah,6,0,0,4,0,0,2,3,0,0,3,0,0,0,3,0,0,6,0,0,0%,Tidak Ada,0%,Tidak Ada,63%,Tidak Lengkap,Merah,,
421,41118,Universitas Mangku Wiyata,Kota Cilegon,Nanah Sujanah,6,5,5,10,1,1,7,3,0,0,3,0,0,0,3,0,0,6,0,0,17%,Belum Tervalidasi,17%,Belum Terverifikasi,80%,Tidak Lengkap,Merah,,
422,41116,Universitas Matana,Kabupaten Tangerang,Nan Rahminawati,6,0,0,10,0,0,7,3,0,0,3,0,0,0,5,0,0,6,0,0,0%,Tidak Ada,0%,Tidak Ada,86%,Tidak Lengkap,Merah,,
423,41032,Universitas Mathla ul Anwar,Kabupaten Pandeglang,Nanah Sujanah,6,6,6,10,10,10,3,3,3,3,3,3,3,0,1,1,1,5,5,5,71%,Belum Tervalidasi,71%,Belum Terverifikasi,71%,Tidak Lengkap,Kuning,,
424,41125,Universitas Mayasari Bakti,Kota Tasikmalaya,Nan Rahminawati,6,0,0,10,0,0,0,0,0,0,0,0,0,0,0,0,0,0,0,0,0%,Tidak Ada,0%,Tidak Ada,46%,Tidak Lengkap,Merah,,
425,41101,Universitas Muhammadiyah A.R. Fachruddin,Kabupaten Tangerang,Nanah Sujanah,6,6,6,10,0,0,6,3,3,3,0,0,0,0,1,1,1,6,6,6,46%,Belum Tervalidasi,46%,Belum Terverifikasi,74%,Tidak Lengkap,Merah,,
426,41080,Universitas Muhammadiyah Banten,Kota Serang,Lisye Fitria,6,2,2,5,5,5,2,3,0,0,0,0,0,0,0,0,0,6,0,0,20%,Belum Tervalidasi,20%,Belum Terverifikasi,57%,Tidak Lengkap,Merah,,
427,41113,Universitas Muhammadiyah Bogor Raya,Kota Bogor,Emma Hermawati Muhari,6,6,6,9,7,0,5,3,3,0,1,1,1,0,1,1,0,6,6,0,17%,Belum Tervalidasi,66%,Belum Terverifikasi,71%,Tidak Lengkap,Merah,,
428,41020,Universitas Nusa Bangsa,Kota Bogor,Lisye Fitria,6,5,5,8,6,6,0,3,3,3,4,1,1,0,3,3,3,6,0,0,49%,Belum Tervalidasi,49%,Belum Terverifikasi,74%,Tidak Lengkap,Merah,,
429,41039,Universitas Pramita Indonesia,Kabupaten Tangerang,Lisye Fitria,6,5,1,10,10,6,6,1,1,0,0,0,0,0,0,0,0,0,0,0,20%,Belum Tervalidasi,46%,Belum Terverifikasi,49%,Tidak Lengkap,Merah,,
430,41079,Universitas Primagraha,Kota Serang,Lisye Fitria,0,0,0,0,0,0,0,0,0,0,0,0,0,0,0,0,0,0,0,0,0%,Tidak Ada,0%,Tidak Ada,0%,Tidak Ada,Merah,,
431,41124,Universitas Satu,Kota Bandung,Lisye Fitria,6,0,0,0,0,0,0,0,0,0,0,0,0,0,0,0,0,0,0,0,0%,Tidak Ada,0%,Tidak Ada,17%,Tidak Lengkap,Merah,,
432,41097,Universitas Sebelas April,Kabupaten Sumedang,Dewi Kurniasih,6,5,5,3,3,3,1,3,0,0,0,0,0,0,9,0,0,1,0,0,23%,Belum Tervalidasi,23%,Belum Terverifikasi,63%,Tidak Lengkap,Merah,,
433,41126,Universitas Sehati Indonesia,Kabupaten Karawang,Dewi Kurniasih,6,0,0,0,0,0,0,0,0,0,0,0,0,0,0,0,0,0,0,0,0%,Tidak Ada,0%,Tidak Ada,17%,Tidak Lengkap,Merah,,
434,41121,Universitas Setia Budhi Rangkasbitung,Kabupaten Lebak,Dewi Kurniasih,6,6,6,10,8,8,7,3,2,2,2,0,0,0,3,1,0,6,6,6,63%,Belum Tervalidasi,66%,Belum Terverifikasi,80%,Tidak Lengkap,Kuning,,
435,41042,Universitas Subang,Kabupaten Subang,Dewi Kurniasih,6,0,0,10,4,4,22,3,0,0,4,0,0,0,4,4,4,6,6,6,40%,Belum Tervalidasi,40%,Belum Terverifikasi,83%,Tidak Lengkap,Merah,,
436,41056,Universitas Surya,Kota Tangerang,Dewi Kurniasih,6,2,0,9,0,0,0,3,3,0,0,0,0,0,1,1,0,6,6,0,0%,Tidak Ada,34%,Belum Terverifikasi,71%,Tidak Lengkap,Merah,,
437,41030,Universitas Suryakancana,Kabupaten Cianjur,Dewi Kurniasih,6,4,2,10,6,6,10,3,2,2,2,2,1,13,4,0,0,6,4,2,34%,Belum Tervalidasi,46%,Belum Terverifikasi,83%,Tidak Lengkap,Merah,,
438,41085,Universitas Tangerang Raya,Kabupaten Tangerang,Nandi Widarman S,6,6,6,10,0,0,11,3,0,0,0,0,0,0,1,1,0,6,0,0,17%,Belum Tervalidasi,20%,Belum Terverifikasi,74%,Tidak Lengkap,Merah,,
439,41130,Universitas Yarsi Pratama,Kabupaten Tangerang,Nan Rahminawati,6,0,0,0,0,0,0,0,0,0,0,0,0,0,0,0,0,0,0,0,0%,Tidak Ada,0%,Tidak Ada,17%,Tidak Lengkap,Merah,,